date,court,time,status,rate,lead_h
2026-09-25,Court 1031,06:00,unknown,,
2026-09-25,Court 1031,06:30,unknown,,
2026-09-25,Court 1031,07:00,unknown,,
2026-09-25,Court 1031,07:30,unknown,,
2026-09-25,Court 1031,08:00,unknown,,
2026-09-25,Court 1031,08:30,unknown,,
2026-09-25,Court 1031,09:00,unknown,,
2026-09-25,Court 1031,09:30,unknown,,
2026-09-25,Court 1031,10:00,unknown,,
2026-09-25,Court 1031,10:30,unknown,,
2026-09-25,Court 1031,11:00,unknown,,
2026-09-25,Court 1031,11:30,unknown,,
2026-09-25,Court 1031,12:00,unknown,,
2026-09-25,Court 1031,12:30,unknown,,
2026-09-25,Court 1031,13:00,unknown,,
2026-09-25,Court 1031,13:30,unknown,,
2026-09-25,Court 1031,14:00,unknown,,
2026-09-25,Court 1031,14:30,unknown,,
2026-09-25,Court 1031,15:00,unknown,,
2026-09-25,Court 1031,15:30,unknown,,
2026-09-25,Court 1031,16:00,unknown,,
2026-09-25,Court 1031,16:30,unknown,,
2026-09-25,Court 1031,17:00,unknown,,
2026-09-25,Court 1031,17:30,unknown,,
2026-09-25,Court 1031,18:00,never,,
2026-09-25,Court 1031,18:30,never,,
2026-09-25,Court 1031,19:00,never,,
2026-09-25,Court 1031,19:30,never,,
2026-09-25,Court 1031,20:00,never,,
2026-09-25,Court 1031,20:30,never,,
2026-09-25,Court 1031,21:00,never,,
2026-09-25,Court 1031,21:30,never,,
2026-09-25,Court 1031,22:00,never,,
2026-09-25,Court 1031,22:30,free,25.0,
2026-09-25,Court 1031,23:00,sold,25.0,
2026-09-25,Court 1031,23:30,sold,25.0,
2026-09-25,Court 270c,06:00,unknown,,
2026-09-25,Court 270c,06:30,unknown,,
2026-09-25,Court 270c,07:00,unknown,,
2026-09-25,Court 270c,07:30,unknown,,
2026-09-25,Court 270c,08:00,unknown,,
2026-09-25,Court 270c,08:30,unknown,,
2026-09-25,Court 270c,09:00,unknown,,
2026-09-25,Court 270c,09:30,unknown,,
2026-09-25,Court 270c,10:00,unknown,,
2026-09-25,Court 270c,10:30,unknown,,
2026-09-25,Court 270c,11:00,unknown,,
2026-09-25,Court 270c,11:30,unknown,,
2026-09-25,Court 270c,12:00,unknown,,
2026-09-25,Court 270c,12:30,unknown,,
2026-09-25,Court 270c,13:00,unknown,,
2026-09-25,Court 270c,13:30,unknown,,
2026-09-25,Court 270c,14:00,unknown,,
2026-09-25,Court 270c,14:30,unknown,,
2026-09-25,Court 270c,15:00,unknown,,
2026-09-25,Court 270c,15:30,unknown,,
2026-09-25,Court 270c,16:00,unknown,,
2026-09-25,Court 270c,16:30,unknown,,
2026-09-25,Court 270c,17:00,unknown,,
2026-09-25,Court 270c,17:30,unknown,,
2026-09-25,Court 270c,18:00,never,,
2026-09-25,Court 270c,18:30,never,,
2026-09-25,Court 270c,19:00,never,,
2026-09-25,Court 270c,19:30,never,,
2026-09-25,Court 270c,20:00,never,,
2026-09-25,Court 270c,20:30,never,,
2026-09-25,Court 270c,21:00,never,,
2026-09-25,Court 270c,21:30,never,,
2026-09-25,Court 270c,22:00,never,,
2026-09-25,Court 270c,22:30,never,,
2026-09-25,Court 270c,23:00,sold,25.0,
2026-09-25,Court 270c,23:30,sold,25.0,
2026-09-25,Court 5159,06:00,unknown,,
2026-09-25,Court 5159,06:30,unknown,,
2026-09-25,Court 5159,07:00,unknown,,
2026-09-25,Court 5159,07:30,unknown,,
2026-09-25,Court 5159,08:00,unknown,,
2026-09-25,Court 5159,08:30,unknown,,
2026-09-25,Court 5159,09:00,unknown,,
2026-09-25,Court 5159,09:30,unknown,,
2026-09-25,Court 5159,10:00,unknown,,
2026-09-25,Court 5159,10:30,unknown,,
2026-09-25,Court 5159,11:00,unknown,,
2026-09-25,Court 5159,11:30,unknown,,
2026-09-25,Court 5159,12:00,unknown,,
2026-09-25,Court 5159,12:30,unknown,,
2026-09-25,Court 5159,13:00,unknown,,
2026-09-25,Court 5159,13:30,unknown,,
2026-09-25,Court 5159,14:00,unknown,,
2026-09-25,Court 5159,14:30,unknown,,
2026-09-25,Court 5159,15:00,unknown,,
2026-09-25,Court 5159,15:30,unknown,,
2026-09-25,Court 5159,16:00,unknown,,
2026-09-25,Court 5159,16:30,unknown,,
2026-09-25,Court 5159,17:00,unknown,,
2026-09-25,Court 5159,17:30,unknown,,
2026-09-25,Court 5159,18:00,never,,
2026-09-25,Court 5159,18:30,never,,
2026-09-25,Court 5159,19:00,never,,
2026-09-25,Court 5159,19:30,never,,
2026-09-25,Court 5159,20:00,never,,
2026-09-25,Court 5159,20:30,never,,
2026-09-25,Court 5159,21:00,never,,
2026-09-25,Court 5159,21:30,never,,
2026-09-25,Court 5159,22:00,never,,
2026-09-25,Court 5159,22:30,free,25.0,
2026-09-25,Court 5159,23:00,sold,25.0,
2026-09-25,Court 5159,23:30,sold,25.0,
2026-09-25,Court 6a58,06:00,unknown,,
2026-09-25,Court 6a58,06:30,unknown,,
2026-09-25,Court 6a58,07:00,unknown,,
2026-09-25,Court 6a58,07:30,unknown,,
2026-09-25,Court 6a58,08:00,unknown,,
2026-09-25,Court 6a58,08:30,unknown,,
2026-09-25,Court 6a58,09:00,unknown,,
2026-09-25,Court 6a58,09:30,unknown,,
2026-09-25,Court 6a58,10:00,unknown,,
2026-09-25,Court 6a58,10:30,unknown,,
2026-09-25,Court 6a58,11:00,unknown,,
2026-09-25,Court 6a58,11:30,unknown,,
2026-09-25,Court 6a58,12:00,unknown,,
2026-09-25,Court 6a58,12:30,unknown,,
2026-09-25,Court 6a58,13:00,unknown,,
2026-09-25,Court 6a58,13:30,unknown,,
2026-09-25,Court 6a58,14:00,unknown,,
2026-09-25,Court 6a58,14:30,unknown,,
2026-09-25,Court 6a58,15:00,unknown,,
2026-09-25,Court 6a58,15:30,unknown,,
2026-09-25,Court 6a58,16:00,unknown,,
2026-09-25,Court 6a58,16:30,unknown,,
2026-09-25,Court 6a58,17:00,unknown,,
2026-09-25,Court 6a58,17:30,unknown,,
2026-09-25,Court 6a58,18:00,never,,
2026-09-25,Court 6a58,18:30,never,,
2026-09-25,Court 6a58,19:00,never,,
2026-09-25,Court 6a58,19:30,never,,
2026-09-25,Court 6a58,20:00,never,,
2026-09-25,Court 6a58,20:30,never,,
2026-09-25,Court 6a58,21:00,never,,
2026-09-25,Court 6a58,21:30,never,,
2026-09-25,Court 6a58,22:00,never,,
2026-09-25,Court 6a58,22:30,never,,
2026-09-25,Court 6a58,23:00,never,,
2026-09-25,Court 6a58,23:30,never,,
2026-09-25,Court 8545,06:00,unknown,,
2026-09-25,Court 8545,06:30,unknown,,
2026-09-25,Court 8545,07:00,unknown,,
2026-09-25,Court 8545,07:30,unknown,,
2026-09-25,Court 8545,08:00,unknown,,
2026-09-25,Court 8545,08:30,unknown,,
2026-09-25,Court 8545,09:00,unknown,,
2026-09-25,Court 8545,09:30,unknown,,
2026-09-25,Court 8545,10:00,unknown,,
2026-09-25,Court 8545,10:30,unknown,,
2026-09-25,Court 8545,11:00,unknown,,
2026-09-25,Court 8545,11:30,unknown,,
2026-09-25,Court 8545,12:00,unknown,,
2026-09-25,Court 8545,12:30,unknown,,
2026-09-25,Court 8545,13:00,unknown,,
2026-09-25,Court 8545,13:30,unknown,,
2026-09-25,Court 8545,14:00,unknown,,
2026-09-25,Court 8545,14:30,unknown,,
2026-09-25,Court 8545,15:00,unknown,,
2026-09-25,Court 8545,15:30,unknown,,
2026-09-25,Court 8545,16:00,unknown,,
2026-09-25,Court 8545,16:30,unknown,,
2026-09-25,Court 8545,17:00,unknown,,
2026-09-25,Court 8545,17:30,unknown,,
2026-09-25,Court 8545,18:00,never,,
2026-09-25,Court 8545,18:30,never,,
2026-09-25,Court 8545,19:00,never,,
2026-09-25,Court 8545,19:30,never,,
2026-09-25,Court 8545,20:00,never,,
2026-09-25,Court 8545,20:30,never,,
2026-09-25,Court 8545,21:00,never,,
2026-09-25,Court 8545,21:30,never,,
2026-09-25,Court 8545,22:00,never,,
2026-09-25,Court 8545,22:30,free,25.0,
2026-09-25,Court 8545,23:00,sold,25.0,
2026-09-25,Court 8545,23:30,sold,25.0,
2026-09-25,Court beb6,06:00,unknown,,
2026-09-25,Court beb6,06:30,unknown,,
2026-09-25,Court beb6,07:00,unknown,,
2026-09-25,Court beb6,07:30,unknown,,
2026-09-25,Court beb6,08:00,unknown,,
2026-09-25,Court beb6,08:30,unknown,,
2026-09-25,Court beb6,09:00,unknown,,
2026-09-25,Court beb6,09:30,unknown,,
2026-09-25,Court beb6,10:00,unknown,,
2026-09-25,Court beb6,10:30,unknown,,
2026-09-25,Court beb6,11:00,unknown,,
2026-09-25,Court beb6,11:30,unknown,,
2026-09-25,Court beb6,12:00,unknown,,
2026-09-25,Court beb6,12:30,unknown,,
2026-09-25,Court beb6,13:00,unknown,,
2026-09-25,Court beb6,13:30,unknown,,
2026-09-25,Court beb6,14:00,unknown,,
2026-09-25,Court beb6,14:30,unknown,,
2026-09-25,Court beb6,15:00,unknown,,
2026-09-25,Court beb6,15:30,unknown,,
2026-09-25,Court beb6,16:00,unknown,,
2026-09-25,Court beb6,16:30,unknown,,
2026-09-25,Court beb6,17:00,unknown,,
2026-09-25,Court beb6,17:30,unknown,,
2026-09-25,Court beb6,18:00,never,,
2026-09-25,Court beb6,18:30,never,,
2026-09-25,Court beb6,19:00,never,,
2026-09-25,Court beb6,19:30,never,,
2026-09-25,Court beb6,20:00,never,,
2026-09-25,Court beb6,20:30,never,,
2026-09-25,Court beb6,21:00,never,,
2026-09-25,Court beb6,21:30,never,,
2026-09-25,Court beb6,22:00,never,,
2026-09-25,Court beb6,22:30,never,,
2026-09-25,Court beb6,23:00,never,,
2026-09-25,Court beb6,23:30,never,,
2026-09-25,Court e027,06:00,unknown,,
2026-09-25,Court e027,06:30,unknown,,
2026-09-25,Court e027,07:00,unknown,,
2026-09-25,Court e027,07:30,unknown,,
2026-09-25,Court e027,08:00,unknown,,
2026-09-25,Court e027,08:30,unknown,,
2026-09-25,Court e027,09:00,unknown,,
2026-09-25,Court e027,09:30,unknown,,
2026-09-25,Court e027,10:00,unknown,,
2026-09-25,Court e027,10:30,unknown,,
2026-09-25,Court e027,11:00,unknown,,
2026-09-25,Court e027,11:30,unknown,,
2026-09-25,Court e027,12:00,unknown,,
2026-09-25,Court e027,12:30,unknown,,
2026-09-25,Court e027,13:00,unknown,,
2026-09-25,Court e027,13:30,unknown,,
2026-09-25,Court e027,14:00,unknown,,
2026-09-25,Court e027,14:30,unknown,,
2026-09-25,Court e027,15:00,unknown,,
2026-09-25,Court e027,15:30,unknown,,
2026-09-25,Court e027,16:00,unknown,,
2026-09-25,Court e027,16:30,unknown,,
2026-09-25,Court e027,17:00,unknown,,
2026-09-25,Court e027,17:30,unknown,,
2026-09-25,Court e027,18:00,never,,
2026-09-25,Court e027,18:30,never,,
2026-09-25,Court e027,19:00,never,,
2026-09-25,Court e027,19:30,never,,
2026-09-25,Court e027,20:00,never,,
2026-09-25,Court e027,20:30,never,,
2026-09-25,Court e027,21:00,never,,
2026-09-25,Court e027,21:30,never,,
2026-09-25,Court e027,22:00,sold,25.0,
2026-09-25,Court e027,22:30,sold,25.0,
2026-09-25,Court e027,23:00,free,25.0,
2026-09-25,Court e027,23:30,sold,25.0,
2026-09-26,Court 1,06:30,never,,
2026-09-26,Court 1,07:00,never,,
2026-09-26,Court 1,07:30,never,,
2026-09-26,Court 1,08:00,never,,
2026-09-26,Court 1,08:30,never,,
2026-09-26,Court 1,09:00,never,,
2026-09-26,Court 1,09:30,never,,
2026-09-26,Court 1,10:00,never,,
2026-09-26,Court 1,10:30,never,,
2026-09-26,Court 1,11:00,never,,
2026-09-26,Court 1,11:30,never,,
2026-09-26,Court 1,12:00,never,,
2026-09-26,Court 1,12:30,never,,
2026-09-26,Court 1,13:00,never,,
2026-09-26,Court 1,13:30,never,,
2026-09-26,Court 1,14:00,never,,
2026-09-26,Court 1,14:30,never,,
2026-09-26,Court 1,15:00,never,,
2026-09-26,Court 1,15:30,never,,
2026-09-26,Court 1,16:00,never,,
2026-09-26,Court 1,16:30,never,,
2026-09-26,Court 1,17:00,never,,
2026-09-26,Court 1,17:30,never,,
2026-09-26,Court 1,18:00,never,,
2026-09-26,Court 1,18:30,never,,
2026-09-26,Court 1,19:00,never,,
2026-09-26,Court 1,19:30,never,,
2026-09-26,Court 1,20:00,never,,
2026-09-26,Court 1,20:30,free,25.0,
2026-09-26,Court 1,21:00,sold,25.0,0.3
2026-09-26,Court 1,21:30,free,25.0,
2026-09-26,Court 1,22:00,free,25.0,
2026-09-26,Court 1,22:30,free,25.0,
2026-09-26,Court 1,23:00,free,25.0,
2026-09-26,Court 1,23:30,sold,25.0,0.2
2026-09-26,Court 2,06:30,never,,
2026-09-26,Court 2,07:00,never,,
2026-09-26,Court 2,07:30,never,,
2026-09-26,Court 2,08:00,never,,
2026-09-26,Court 2,08:30,never,,
2026-09-26,Court 2,09:00,never,,
2026-09-26,Court 2,09:30,never,,
2026-09-26,Court 2,10:00,never,,
2026-09-26,Court 2,10:30,never,,
2026-09-26,Court 2,11:00,never,,
2026-09-26,Court 2,11:30,never,,
2026-09-26,Court 2,12:00,never,,
2026-09-26,Court 2,12:30,never,,
2026-09-26,Court 2,13:00,never,,
2026-09-26,Court 2,13:30,never,,
2026-09-26,Court 2,14:00,never,,
2026-09-26,Court 2,14:30,never,,
2026-09-26,Court 2,15:00,never,,
2026-09-26,Court 2,15:30,never,,
2026-09-26,Court 2,16:00,never,,
2026-09-26,Court 2,16:30,never,,
2026-09-26,Court 2,17:00,never,,
2026-09-26,Court 2,17:30,never,,
2026-09-26,Court 2,18:00,never,,
2026-09-26,Court 2,18:30,never,,
2026-09-26,Court 2,19:00,free,25.0,
2026-09-26,Court 2,19:30,sold,25.0,0.2
2026-09-26,Court 2,20:00,never,,
2026-09-26,Court 2,20:30,never,,
2026-09-26,Court 2,21:00,never,,
2026-09-26,Court 2,21:30,free,25.0,
2026-09-26,Court 2,22:00,sold,25.0,0.3
2026-09-26,Court 2,22:30,free,25.0,
2026-09-26,Court 2,23:00,free,25.0,
2026-09-26,Court 2,23:30,sold,25.0,0.2
2026-09-26,Court 3,06:30,never,,
2026-09-26,Court 3,07:00,never,,
2026-09-26,Court 3,07:30,never,,
2026-09-26,Court 3,08:00,never,,
2026-09-26,Court 3,08:30,never,,
2026-09-26,Court 3,09:00,never,,
2026-09-26,Court 3,09:30,never,,
2026-09-26,Court 3,10:00,never,,
2026-09-26,Court 3,10:30,never,,
2026-09-26,Court 3,11:00,never,,
2026-09-26,Court 3,11:30,never,,
2026-09-26,Court 3,12:00,never,,
2026-09-26,Court 3,12:30,never,,
2026-09-26,Court 3,13:00,never,,
2026-09-26,Court 3,13:30,never,,
2026-09-26,Court 3,14:00,never,,
2026-09-26,Court 3,14:30,never,,
2026-09-26,Court 3,15:00,never,,
2026-09-26,Court 3,15:30,never,,
2026-09-26,Court 3,16:00,never,,
2026-09-26,Court 3,16:30,never,,
2026-09-26,Court 3,17:00,never,,
2026-09-26,Court 3,17:30,free,25.0,
2026-09-26,Court 3,18:00,sold,25.0,0.3
2026-09-26,Court 3,18:30,sold,25.0,0.8
2026-09-26,Court 3,19:00,never,,
2026-09-26,Court 3,19:30,never,,
2026-09-26,Court 3,20:00,never,,
2026-09-26,Court 3,20:30,free,25.0,
2026-09-26,Court 3,21:00,sold,25.0,0.3
2026-09-26,Court 3,21:30,free,25.0,
2026-09-26,Court 3,22:00,free,25.0,
2026-09-26,Court 3,22:30,free,25.0,
2026-09-26,Court 3,23:00,free,25.0,
2026-09-26,Court 3,23:30,sold,25.0,0.2
2026-09-26,Court 4,06:30,never,,
2026-09-26,Court 4,07:00,never,,
2026-09-26,Court 4,07:30,never,,
2026-09-26,Court 4,08:00,never,,
2026-09-26,Court 4,08:30,never,,
2026-09-26,Court 4,09:00,never,,
2026-09-26,Court 4,09:30,never,,
2026-09-26,Court 4,10:00,never,,
2026-09-26,Court 4,10:30,never,,
2026-09-26,Court 4,11:00,never,,
2026-09-26,Court 4,11:30,never,,
2026-09-26,Court 4,12:00,never,,
2026-09-26,Court 4,12:30,never,,
2026-09-26,Court 4,13:00,never,,
2026-09-26,Court 4,13:30,never,,
2026-09-26,Court 4,14:00,never,,
2026-09-26,Court 4,14:30,never,,
2026-09-26,Court 4,15:00,never,,
2026-09-26,Court 4,15:30,never,,
2026-09-26,Court 4,16:00,never,,
2026-09-26,Court 4,16:30,never,,
2026-09-26,Court 4,17:00,never,,
2026-09-26,Court 4,17:30,never,,
2026-09-26,Court 4,18:00,never,,
2026-09-26,Court 4,18:30,never,,
2026-09-26,Court 4,19:00,free,25.0,
2026-09-26,Court 4,19:30,sold,25.0,0.2
2026-09-26,Court 4,20:00,sold,25.0,2.7
2026-09-26,Court 4,20:30,sold,25.0,3.2
2026-09-26,Court 4,21:00,free,25.0,
2026-09-26,Court 4,21:30,sold,25.0,0.2
2026-09-26,Court 4,22:00,free,25.0,
2026-09-26,Court 4,22:30,free,25.0,
2026-09-26,Court 4,23:00,free,25.0,
2026-09-26,Court 4,23:30,sold,25.0,0.2
2026-09-26,Court 5,06:30,never,,
2026-09-26,Court 5,07:00,never,,
2026-09-26,Court 5,07:30,never,,
2026-09-26,Court 5,08:00,never,,
2026-09-26,Court 5,08:30,never,,
2026-09-26,Court 5,09:00,never,,
2026-09-26,Court 5,09:30,never,,
2026-09-26,Court 5,10:00,never,,
2026-09-26,Court 5,10:30,never,,
2026-09-26,Court 5,11:00,never,,
2026-09-26,Court 5,11:30,never,,
2026-09-26,Court 5,12:00,never,,
2026-09-26,Court 5,12:30,never,,
2026-09-26,Court 5,13:00,never,,
2026-09-26,Court 5,13:30,never,,
2026-09-26,Court 5,14:00,never,,
2026-09-26,Court 5,14:30,never,,
2026-09-26,Court 5,15:00,never,,
2026-09-26,Court 5,15:30,never,,
2026-09-26,Court 5,16:00,never,,
2026-09-26,Court 5,16:30,never,,
2026-09-26,Court 5,17:00,never,,
2026-09-26,Court 5,17:30,never,,
2026-09-26,Court 5,18:00,never,,
2026-09-26,Court 5,18:30,never,,
2026-09-26,Court 5,19:00,never,,
2026-09-26,Court 5,19:30,never,,
2026-09-26,Court 5,20:00,never,,
2026-09-26,Court 5,20:30,free,25.0,
2026-09-26,Court 5,21:00,sold,25.0,0.3
2026-09-26,Court 5,21:30,sold,25.0,0.2
2026-09-26,Court 5,22:00,sold,25.0,0.7
2026-09-26,Court 5,22:30,sold,25.0,1.2
2026-09-26,Court 5,23:00,free,25.0,
2026-09-26,Court 5,23:30,sold,25.0,0.2
2026-09-26,Court 6,06:30,never,,
2026-09-26,Court 6,07:00,never,,
2026-09-26,Court 6,07:30,never,,
2026-09-26,Court 6,08:00,never,,
2026-09-26,Court 6,08:30,never,,
2026-09-26,Court 6,09:00,never,,
2026-09-26,Court 6,09:30,never,,
2026-09-26,Court 6,10:00,never,,
2026-09-26,Court 6,10:30,never,,
2026-09-26,Court 6,11:00,never,,
2026-09-26,Court 6,11:30,never,,
2026-09-26,Court 6,12:00,never,,
2026-09-26,Court 6,12:30,never,,
2026-09-26,Court 6,13:00,never,,
2026-09-26,Court 6,13:30,never,,
2026-09-26,Court 6,14:00,never,,
2026-09-26,Court 6,14:30,never,,
2026-09-26,Court 6,15:00,never,,
2026-09-26,Court 6,15:30,never,,
2026-09-26,Court 6,16:00,never,,
2026-09-26,Court 6,16:30,never,,
2026-09-26,Court 6,17:00,free,25.0,
2026-09-26,Court 6,17:30,sold,25.0,0.2
2026-09-26,Court 6,18:00,never,,
2026-09-26,Court 6,18:30,never,,
2026-09-26,Court 6,19:00,never,,
2026-09-26,Court 6,19:30,free,25.0,
2026-09-26,Court 6,20:00,sold,25.0,0.2
2026-09-26,Court 6,20:30,free,25.0,
2026-09-26,Court 6,21:00,free,25.0,
2026-09-26,Court 6,21:30,free,25.0,
2026-09-26,Court 6,22:00,free,25.0,
2026-09-26,Court 6,22:30,free,25.0,
2026-09-26,Court 6,23:00,free,25.0,
2026-09-26,Court 6,23:30,sold,25.0,0.2
2026-09-26,Show Court,06:30,never,,
2026-09-26,Show Court,07:00,never,,
2026-09-26,Show Court,07:30,never,,
2026-09-26,Show Court,08:00,never,,
2026-09-26,Show Court,08:30,never,,
2026-09-26,Show Court,09:00,never,,
2026-09-26,Show Court,09:30,never,,
2026-09-26,Show Court,10:00,never,,
2026-09-26,Show Court,10:30,never,,
2026-09-26,Show Court,11:00,never,,
2026-09-26,Show Court,11:30,never,,
2026-09-26,Show Court,12:00,never,,
2026-09-26,Show Court,12:30,never,,
2026-09-26,Show Court,13:00,never,,
2026-09-26,Show Court,13:30,never,,
2026-09-26,Show Court,14:00,never,,
2026-09-26,Show Court,14:30,never,,
2026-09-26,Show Court,15:00,never,,
2026-09-26,Show Court,15:30,never,,
2026-09-26,Show Court,16:00,never,,
2026-09-26,Show Court,16:30,never,,
2026-09-26,Show Court,17:00,never,,
2026-09-26,Show Court,17:30,free,25.0,
2026-09-26,Show Court,18:00,sold,25.0,0.3
2026-09-26,Show Court,18:30,sold,25.0,0.8
2026-09-26,Show Court,19:00,sold,25.0,1.3
2026-09-26,Show Court,19:30,sold,25.0,1.8
2026-09-26,Show Court,20:00,never,,
2026-09-26,Show Court,20:30,never,,
2026-09-26,Show Court,21:00,free,25.0,
2026-09-26,Show Court,21:30,sold,25.0,0.2
2026-09-26,Show Court,22:00,free,25.0,
2026-09-26,Show Court,22:30,free,25.0,
2026-09-26,Show Court,23:00,sold,25.0,0.3
2026-09-26,Show Court,23:30,sold,25.0,0.8
2026-09-27,Court 1,06:30,never,,
2026-09-27,Court 1,07:00,never,,
2026-09-27,Court 1,07:30,never,,
2026-09-27,Court 1,08:00,never,,
2026-09-27,Court 1,08:30,never,,
2026-09-27,Court 1,09:00,never,,
2026-09-27,Court 1,09:30,never,,
2026-09-27,Court 1,10:00,never,,
2026-09-27,Court 1,10:30,never,,
2026-09-27,Court 1,11:00,never,,
2026-09-27,Court 1,11:30,never,,
2026-09-27,Court 1,12:00,never,,
2026-09-27,Court 1,12:30,never,,
2026-09-27,Court 1,13:00,never,,
2026-09-27,Court 1,13:30,never,,
2026-09-27,Court 1,14:00,never,,
2026-09-27,Court 1,14:30,never,,
2026-09-27,Court 1,15:00,never,,
2026-09-27,Court 1,15:30,never,,
2026-09-27,Court 1,16:00,never,,
2026-09-27,Court 1,16:30,never,,
2026-09-27,Court 1,17:00,never,,
2026-09-27,Court 1,17:30,sold,25.0,23.2
2026-09-27,Court 1,18:00,sold,25.0,23.7
2026-09-27,Court 1,18:30,sold,25.0,24.2
2026-09-27,Court 1,19:00,sold,25.0,1.7
2026-09-27,Court 1,19:30,sold,25.0,2.2
2026-09-27,Court 1,20:00,never,,
2026-09-27,Court 1,20:30,never,,
2026-09-27,Court 1,21:00,sold,25.0,4.7
2026-09-27,Court 1,21:30,sold,25.0,5.2
2026-09-27,Court 1,22:00,sold,25.0,5.7
2026-09-27,Court 1,22:30,free,25.0,
2026-09-27,Court 1,23:00,sold,25.0,0.3
2026-09-27,Court 1,23:30,sold,25.0,0.8
2026-09-27,Court 2,06:30,free,25.0,
2026-09-27,Court 2,07:00,sold,25.0,0.3
2026-09-27,Court 2,07:30,never,,
2026-09-27,Court 2,08:00,never,,
2026-09-27,Court 2,08:30,never,,
2026-09-27,Court 2,09:00,never,,
2026-09-27,Court 2,09:30,never,,
2026-09-27,Court 2,10:00,never,,
2026-09-27,Court 2,10:30,never,,
2026-09-27,Court 2,11:00,never,,
2026-09-27,Court 2,11:30,never,,
2026-09-27,Court 2,12:00,never,,
2026-09-27,Court 2,12:30,never,,
2026-09-27,Court 2,13:00,never,,
2026-09-27,Court 2,13:30,never,,
2026-09-27,Court 2,14:00,never,,
2026-09-27,Court 2,14:30,never,,
2026-09-27,Court 2,15:00,never,,
2026-09-27,Court 2,15:30,never,,
2026-09-27,Court 2,16:00,never,,
2026-09-27,Court 2,16:30,never,,
2026-09-27,Court 2,17:00,never,,
2026-09-27,Court 2,17:30,never,,
2026-09-27,Court 2,18:00,never,,
2026-09-27,Court 2,18:30,never,,
2026-09-27,Court 2,19:00,never,,
2026-09-27,Court 2,19:30,never,,
2026-09-27,Court 2,20:00,never,,
2026-09-27,Court 2,20:30,never,,
2026-09-27,Court 2,21:00,never,,
2026-09-27,Court 2,21:30,sold,25.0,3.2
2026-09-27,Court 2,22:00,sold,25.0,3.7
2026-09-27,Court 2,22:30,sold,25.0,4.2
2026-09-27,Court 2,23:00,free,25.0,
2026-09-27,Court 2,23:30,sold,25.0,0.2
2026-09-27,Court 3,06:30,free,25.0,
2026-09-27,Court 3,07:00,sold,25.0,0.3
2026-09-27,Court 3,07:30,never,,
2026-09-27,Court 3,08:00,never,,
2026-09-27,Court 3,08:30,never,,
2026-09-27,Court 3,09:00,never,,
2026-09-27,Court 3,09:30,never,,
2026-09-27,Court 3,10:00,never,,
2026-09-27,Court 3,10:30,never,,
2026-09-27,Court 3,11:00,never,,
2026-09-27,Court 3,11:30,never,,
2026-09-27,Court 3,12:00,never,,
2026-09-27,Court 3,12:30,never,,
2026-09-27,Court 3,13:00,never,,
2026-09-27,Court 3,13:30,never,,
2026-09-27,Court 3,14:00,never,,
2026-09-27,Court 3,14:30,never,,
2026-09-27,Court 3,15:00,never,,
2026-09-27,Court 3,15:30,never,,
2026-09-27,Court 3,16:00,never,,
2026-09-27,Court 3,16:30,never,,
2026-09-27,Court 3,17:00,never,,
2026-09-27,Court 3,17:30,never,,
2026-09-27,Court 3,18:00,never,,
2026-09-27,Court 3,18:30,never,,
2026-09-27,Court 3,19:00,free,25.0,
2026-09-27,Court 3,19:30,sold,25.0,0.2
2026-09-27,Court 3,20:00,never,,
2026-09-27,Court 3,20:30,never,,
2026-09-27,Court 3,21:00,sold,25.0,4.7
2026-09-27,Court 3,21:30,sold,25.0,5.2
2026-09-27,Court 3,22:00,sold,25.0,5.7
2026-09-27,Court 3,22:30,free,25.0,
2026-09-27,Court 3,23:00,sold,25.0,0.3
2026-09-27,Court 3,23:30,sold,25.0,0.8
2026-09-27,Court 4,06:30,free,25.0,
2026-09-27,Court 4,07:00,sold,25.0,0.3
2026-09-27,Court 4,07:30,free,25.0,
2026-09-27,Court 4,08:00,free,25.0,
2026-09-27,Court 4,08:30,free,25.0,
2026-09-27,Court 4,09:00,sold,25.0,0.3
2026-09-27,Court 4,09:30,never,,
2026-09-27,Court 4,10:00,never,,
2026-09-27,Court 4,10:30,never,,
2026-09-27,Court 4,11:00,never,,
2026-09-27,Court 4,11:30,never,,
2026-09-27,Court 4,12:00,never,,
2026-09-27,Court 4,12:30,never,,
2026-09-27,Court 4,13:00,never,,
2026-09-27,Court 4,13:30,never,,
2026-09-27,Court 4,14:00,never,,
2026-09-27,Court 4,14:30,never,,
2026-09-27,Court 4,15:00,never,,
2026-09-27,Court 4,15:30,never,,
2026-09-27,Court 4,16:00,never,,
2026-09-27,Court 4,16:30,never,,
2026-09-27,Court 4,17:00,never,,
2026-09-27,Court 4,17:30,never,,
2026-09-27,Court 4,18:00,never,,
2026-09-27,Court 4,18:30,never,,
2026-09-27,Court 4,19:00,free,25.0,
2026-09-27,Court 4,19:30,sold,25.0,0.2
2026-09-27,Court 4,20:00,never,,
2026-09-27,Court 4,20:30,never,,
2026-09-27,Court 4,21:00,sold,25.0,6.3
2026-09-27,Court 4,21:30,sold,25.0,6.8
2026-09-27,Court 4,22:00,sold,25.0,3.7
2026-09-27,Court 4,22:30,sold,25.0,4.2
2026-09-27,Court 4,23:00,sold,25.0,2.3
2026-09-27,Court 4,23:30,sold,25.0,2.8
2026-09-27,Court 5,06:30,free,25.0,
2026-09-27,Court 5,07:00,sold,25.0,0.3
2026-09-27,Court 5,07:30,sold,25.0,0.8
2026-09-27,Court 5,08:00,never,,
2026-09-27,Court 5,08:30,never,,
2026-09-27,Court 5,09:00,never,,
2026-09-27,Court 5,09:30,never,,
2026-09-27,Court 5,10:00,never,,
2026-09-27,Court 5,10:30,never,,
2026-09-27,Court 5,11:00,never,,
2026-09-27,Court 5,11:30,never,,
2026-09-27,Court 5,12:00,never,,
2026-09-27,Court 5,12:30,never,,
2026-09-27,Court 5,13:00,never,,
2026-09-27,Court 5,13:30,never,,
2026-09-27,Court 5,14:00,never,,
2026-09-27,Court 5,14:30,never,,
2026-09-27,Court 5,15:00,never,,
2026-09-27,Court 5,15:30,never,,
2026-09-27,Court 5,16:00,never,,
2026-09-27,Court 5,16:30,never,,
2026-09-27,Court 5,17:00,never,,
2026-09-27,Court 5,17:30,never,,
2026-09-27,Court 5,18:00,never,,
2026-09-27,Court 5,18:30,never,,
2026-09-27,Court 5,19:00,never,,
2026-09-27,Court 5,19:30,never,,
2026-09-27,Court 5,20:00,never,,
2026-09-27,Court 5,20:30,never,,
2026-09-27,Court 5,21:00,never,,
2026-09-27,Court 5,21:30,sold,25.0,2.2
2026-09-27,Court 5,22:00,sold,25.0,2.7
2026-09-27,Court 5,22:30,sold,25.0,3.2
2026-09-27,Court 5,23:00,free,25.0,
2026-09-27,Court 5,23:30,sold,25.0,0.2
2026-09-27,Court 6,06:30,free,25.0,
2026-09-27,Court 6,07:00,sold,25.0,0.3
2026-09-27,Court 6,07:30,never,,
2026-09-27,Court 6,08:00,never,,
2026-09-27,Court 6,08:30,never,,
2026-09-27,Court 6,09:00,never,,
2026-09-27,Court 6,09:30,never,,
2026-09-27,Court 6,10:00,never,,
2026-09-27,Court 6,10:30,never,,
2026-09-27,Court 6,11:00,never,,
2026-09-27,Court 6,11:30,never,,
2026-09-27,Court 6,12:00,never,,
2026-09-27,Court 6,12:30,never,,
2026-09-27,Court 6,13:00,never,,
2026-09-27,Court 6,13:30,never,,
2026-09-27,Court 6,14:00,never,,
2026-09-27,Court 6,14:30,never,,
2026-09-27,Court 6,15:00,never,,
2026-09-27,Court 6,15:30,never,,
2026-09-27,Court 6,16:00,never,,
2026-09-27,Court 6,16:30,never,,
2026-09-27,Court 6,17:00,never,,
2026-09-27,Court 6,17:30,never,,
2026-09-27,Court 6,18:00,never,,
2026-09-27,Court 6,18:30,never,,
2026-09-27,Court 6,19:00,never,,
2026-09-27,Court 6,19:30,sold,25.0,3.2
2026-09-27,Court 6,20:00,sold,25.0,3.7
2026-09-27,Court 6,20:30,never,,
2026-09-27,Court 6,21:00,never,,
2026-09-27,Court 6,21:30,sold,25.0,1.7
2026-09-27,Court 6,22:00,sold,25.0,2.2
2026-09-27,Court 6,22:30,sold,25.0,2.7
2026-09-27,Court 6,23:00,free,25.0,
2026-09-27,Court 6,23:30,sold,25.0,0.2
2026-09-27,Show Court,06:30,free,25.0,
2026-09-27,Show Court,07:00,sold,25.0,0.3
2026-09-27,Show Court,07:30,free,25.0,
2026-09-27,Show Court,08:00,free,25.0,
2026-09-27,Show Court,08:30,free,25.0,
2026-09-27,Show Court,09:00,sold,25.0,0.3
2026-09-27,Show Court,09:30,never,,
2026-09-27,Show Court,10:00,never,,
2026-09-27,Show Court,10:30,never,,
2026-09-27,Show Court,11:00,never,,
2026-09-27,Show Court,11:30,never,,
2026-09-27,Show Court,12:00,never,,
2026-09-27,Show Court,12:30,never,,
2026-09-27,Show Court,13:00,never,,
2026-09-27,Show Court,13:30,never,,
2026-09-27,Show Court,14:00,never,,
2026-09-27,Show Court,14:30,never,,
2026-09-27,Show Court,15:00,never,,
2026-09-27,Show Court,15:30,never,,
2026-09-27,Show Court,16:00,sold,25.0,4.7
2026-09-27,Show Court,16:30,sold,25.0,5.2
2026-09-27,Show Court,17:00,sold,25.0,0.7
2026-09-27,Show Court,17:30,sold,25.0,1.2
2026-09-27,Show Court,18:00,sold,25.0,1.7
2026-09-27,Show Court,18:30,free,25.0,
2026-09-27,Show Court,19:00,sold,25.0,0.3
2026-09-27,Show Court,19:30,free,25.0,
2026-09-27,Show Court,20:00,sold,25.0,0.2
2026-09-27,Show Court,20:30,sold,25.0,21.2
2026-09-27,Show Court,21:00,sold,25.0,21.7
2026-09-27,Show Court,21:30,sold,25.0,22.2
2026-09-27,Show Court,22:00,sold,25.0,2.2
2026-09-27,Show Court,22:30,sold,25.0,2.7
2026-09-27,Show Court,23:00,free,25.0,
2026-09-27,Show Court,23:30,sold,25.0,0.2
2026-09-28,Court 1,06:30,never,,
2026-09-28,Court 1,07:00,never,,
2026-09-28,Court 1,07:30,never,,
2026-09-28,Court 1,08:00,never,,
2026-09-28,Court 1,08:30,free,25.0,
2026-09-28,Court 1,09:00,sold,25.0,0.2
2026-09-28,Court 1,09:30,sold,25.0,0.7
2026-09-28,Court 1,10:00,never,,
2026-09-28,Court 1,10:30,never,,
2026-09-28,Court 1,11:00,never,,
2026-09-28,Court 1,11:30,never,,
2026-09-28,Court 1,12:00,never,,
2026-09-28,Court 1,12:30,never,,
2026-09-28,Court 1,13:00,never,,
2026-09-28,Court 1,13:30,never,,
2026-09-28,Court 1,14:00,never,,
2026-09-28,Court 1,14:30,sold,25.0,0.6
2026-09-28,Court 1,15:00,sold,25.0,1.1
2026-09-28,Court 1,15:30,sold,25.0,1.6
2026-09-28,Court 1,16:00,sold,25.0,2.1
2026-09-28,Court 1,16:30,sold,25.0,2.6
2026-09-28,Court 1,17:00,sold,25.0,0.2
2026-09-28,Court 1,17:30,sold,25.0,0.7
2026-09-28,Court 1,18:00,never,,
2026-09-28,Court 1,18:30,never,,
2026-09-28,Court 1,19:00,never,,
2026-09-28,Court 1,19:30,never,,
2026-09-28,Court 1,20:00,never,,
2026-09-28,Court 1,20:30,never,,
2026-09-28,Court 1,21:00,never,,
2026-09-28,Court 1,21:30,never,,
2026-09-28,Court 1,22:00,sold,25.0,8.1
2026-09-28,Court 1,22:30,sold,25.0,8.6
2026-09-28,Court 1,23:00,free,25.0,
2026-09-28,Court 1,23:30,sold,25.0,0.2
2026-09-28,Court 2,06:30,never,,
2026-09-28,Court 2,07:00,never,,
2026-09-28,Court 2,07:30,never,,
2026-09-28,Court 2,08:00,free,25.0,
2026-09-28,Court 2,08:30,sold,25.0,0.2
2026-09-28,Court 2,09:00,never,,
2026-09-28,Court 2,09:30,never,,
2026-09-28,Court 2,10:00,never,,
2026-09-28,Court 2,10:30,never,,
2026-09-28,Court 2,11:00,never,,
2026-09-28,Court 2,11:30,never,,
2026-09-28,Court 2,12:00,never,,
2026-09-28,Court 2,12:30,never,,
2026-09-28,Court 2,13:00,never,,
2026-09-28,Court 2,13:30,never,,
2026-09-28,Court 2,14:00,never,,
2026-09-28,Court 2,14:30,never,,
2026-09-28,Court 2,15:00,free,25.0,
2026-09-28,Court 2,15:30,sold,25.0,0.1
2026-09-28,Court 2,16:00,never,,
2026-09-28,Court 2,16:30,never,,
2026-09-28,Court 2,17:00,never,,
2026-09-28,Court 2,17:30,never,,
2026-09-28,Court 2,18:00,never,,
2026-09-28,Court 2,18:30,never,,
2026-09-28,Court 2,19:00,never,,
2026-09-28,Court 2,19:30,never,,
2026-09-28,Court 2,20:00,never,,
2026-09-28,Court 2,20:30,never,,
2026-09-28,Court 2,21:00,never,,
2026-09-28,Court 2,21:30,never,,
2026-09-28,Court 2,22:00,sold,25.0,47.3
2026-09-28,Court 2,22:30,sold,25.0,47.8
2026-09-28,Court 2,23:00,free,25.0,
2026-09-28,Court 2,23:30,sold,25.0,0.2
2026-09-28,Court 3,06:30,free,25.0,
2026-09-28,Court 3,07:00,sold,25.0,0.2
2026-09-28,Court 3,07:30,free,25.0,
2026-09-28,Court 3,08:00,free,25.0,
2026-09-28,Court 3,08:30,sold,25.0,0.2
2026-09-28,Court 3,09:00,never,,
2026-09-28,Court 3,09:30,never,,
2026-09-28,Court 3,10:00,never,,
2026-09-28,Court 3,10:30,never,,
2026-09-28,Court 3,11:00,never,,
2026-09-28,Court 3,11:30,never,,
2026-09-28,Court 3,12:00,never,,
2026-09-28,Court 3,12:30,sold,25.0,39.2
2026-09-28,Court 3,13:00,sold,25.0,39.7
2026-09-28,Court 3,13:30,never,,
2026-09-28,Court 3,14:00,never,,
2026-09-28,Court 3,14:30,never,,
2026-09-28,Court 3,15:00,never,,
2026-09-28,Court 3,15:30,never,,
2026-09-28,Court 3,16:00,sold,25.0,0.6
2026-09-28,Court 3,16:30,sold,25.0,1.1
2026-09-28,Court 3,17:00,never,,
2026-09-28,Court 3,17:30,never,,
2026-09-28,Court 3,18:00,never,,
2026-09-28,Court 3,18:30,never,,
2026-09-28,Court 3,19:00,never,,
2026-09-28,Court 3,19:30,never,,
2026-09-28,Court 3,20:00,never,,
2026-09-28,Court 3,20:30,never,,
2026-09-28,Court 3,21:00,never,,
2026-09-28,Court 3,21:30,never,,
2026-09-28,Court 3,22:00,never,,
2026-09-28,Court 3,22:30,free,25.0,
2026-09-28,Court 3,23:00,sold,25.0,0.3
2026-09-28,Court 3,23:30,sold,25.0,0.8
2026-09-28,Court 4,06:30,never,,
2026-09-28,Court 4,07:00,never,,
2026-09-28,Court 4,07:30,never,,
2026-09-28,Court 4,08:00,never,,
2026-09-28,Court 4,08:30,free,25.0,
2026-09-28,Court 4,09:00,sold,25.0,0.2
2026-09-28,Court 4,09:30,sold,25.0,0.7
2026-09-28,Court 4,10:00,never,,
2026-09-28,Court 4,10:30,never,,
2026-09-28,Court 4,11:00,never,,
2026-09-28,Court 4,11:30,never,,
2026-09-28,Court 4,12:00,never,,
2026-09-28,Court 4,12:30,never,,
2026-09-28,Court 4,13:00,never,,
2026-09-28,Court 4,13:30,never,,
2026-09-28,Court 4,14:00,free,25.0,
2026-09-28,Court 4,14:30,sold,25.0,0.2
2026-09-28,Court 4,15:00,never,,
2026-09-28,Court 4,15:30,never,,
2026-09-28,Court 4,16:00,free,25.0,
2026-09-28,Court 4,16:30,sold,25.0,0.2
2026-09-28,Court 4,17:00,never,,
2026-09-28,Court 4,17:30,never,,
2026-09-28,Court 4,18:00,never,,
2026-09-28,Court 4,18:30,never,,
2026-09-28,Court 4,19:00,never,,
2026-09-28,Court 4,19:30,never,,
2026-09-28,Court 4,20:00,never,,
2026-09-28,Court 4,20:30,never,,
2026-09-28,Court 4,21:00,never,,
2026-09-28,Court 4,21:30,never,,
2026-09-28,Court 4,22:00,free,25.0,
2026-09-28,Court 4,22:30,sold,25.0,0.2
2026-09-28,Court 4,23:00,free,25.0,
2026-09-28,Court 4,23:30,sold,25.0,0.2
2026-09-28,Court 5,06:30,never,,
2026-09-28,Court 5,07:00,never,,
2026-09-28,Court 5,07:30,never,,
2026-09-28,Court 5,08:00,never,,
2026-09-28,Court 5,08:30,free,25.0,
2026-09-28,Court 5,09:00,sold,25.0,0.2
2026-09-28,Court 5,09:30,sold,25.0,0.7
2026-09-28,Court 5,10:00,never,,
2026-09-28,Court 5,10:30,never,,
2026-09-28,Court 5,11:00,never,,
2026-09-28,Court 5,11:30,free,25.0,
2026-09-28,Court 5,12:00,sold,25.0,0.2
2026-09-28,Court 5,12:30,never,,
2026-09-28,Court 5,13:00,never,,
2026-09-28,Court 5,13:30,never,,
2026-09-28,Court 5,14:00,sold,25.0,4.2
2026-09-28,Court 5,14:30,sold,25.0,4.7
2026-09-28,Court 5,15:00,sold,25.0,5.2
2026-09-28,Court 5,15:30,never,,
2026-09-28,Court 5,16:00,never,,
2026-09-28,Court 5,16:30,never,,
2026-09-28,Court 5,17:00,never,,
2026-09-28,Court 5,17:30,never,,
2026-09-28,Court 5,18:00,never,,
2026-09-28,Court 5,18:30,never,,
2026-09-28,Court 5,19:00,never,,
2026-09-28,Court 5,19:30,never,,
2026-09-28,Court 5,20:00,never,,
2026-09-28,Court 5,20:30,never,,
2026-09-28,Court 5,21:00,never,,
2026-09-28,Court 5,21:30,never,,
2026-09-28,Court 5,22:00,free,25.0,
2026-09-28,Court 5,22:30,sold,25.0,0.2
2026-09-28,Court 5,23:00,free,25.0,
2026-09-28,Court 5,23:30,sold,25.0,0.2
2026-09-28,Court 6,06:30,free,25.0,
2026-09-28,Court 6,07:00,sold,25.0,0.2
2026-09-28,Court 6,07:30,free,25.0,
2026-09-28,Court 6,08:00,free,25.0,
2026-09-28,Court 6,08:30,free,25.0,
2026-09-28,Court 6,09:00,free,25.0,
2026-09-28,Court 6,09:30,sold,25.0,0.1
2026-09-28,Court 6,10:00,never,,
2026-09-28,Court 6,10:30,never,,
2026-09-28,Court 6,11:00,free,25.0,
2026-09-28,Court 6,11:30,sold,25.0,0.2
2026-09-28,Court 6,12:00,never,,
2026-09-28,Court 6,12:30,never,,
2026-09-28,Court 6,13:00,never,,
2026-09-28,Court 6,13:30,never,,
2026-09-28,Court 6,14:00,never,,
2026-09-28,Court 6,14:30,sold,25.0,1.7
2026-09-28,Court 6,15:00,sold,25.0,2.2
2026-09-28,Court 6,15:30,sold,25.0,2.7
2026-09-28,Court 6,16:00,free,25.0,
2026-09-28,Court 6,16:30,sold,25.0,0.2
2026-09-28,Court 6,17:00,never,,
2026-09-28,Court 6,17:30,never,,
2026-09-28,Court 6,18:00,never,,
2026-09-28,Court 6,18:30,never,,
2026-09-28,Court 6,19:00,never,,
2026-09-28,Court 6,19:30,never,,
2026-09-28,Court 6,20:00,never,,
2026-09-28,Court 6,20:30,never,,
2026-09-28,Court 6,21:00,never,,
2026-09-28,Court 6,21:30,never,,
2026-09-28,Court 6,22:00,never,,
2026-09-28,Court 6,22:30,sold,25.0,1.7
2026-09-28,Court 6,23:00,sold,25.0,2.2
2026-09-28,Court 6,23:30,sold,25.0,2.7
2026-09-28,Show Court,06:30,free,25.0,
2026-09-28,Show Court,07:00,sold,25.0,0.2
2026-09-28,Show Court,07:30,free,25.0,
2026-09-28,Show Court,08:00,free,25.0,
2026-09-28,Show Court,08:30,free,25.0,
2026-09-28,Show Court,09:00,free,25.0,
2026-09-28,Show Court,09:30,free,25.0,
2026-09-28,Show Court,10:00,free,25.0,
2026-09-28,Show Court,10:30,free,25.0,
2026-09-28,Show Court,11:00,free,25.0,
2026-09-28,Show Court,11:30,free,25.0,
2026-09-28,Show Court,12:00,free,25.0,
2026-09-28,Show Court,12:30,free,25.0,
2026-09-28,Show Court,13:00,free,25.0,
2026-09-28,Show Court,13:30,free,25.0,
2026-09-28,Show Court,14:00,free,25.0,
2026-09-28,Show Court,14:30,free,25.0,
2026-09-28,Show Court,15:00,free,25.0,
2026-09-28,Show Court,15:30,free,25.0,
2026-09-28,Show Court,16:00,sold,25.0,0.2
2026-09-28,Show Court,16:30,never,,
2026-09-28,Show Court,17:00,never,,
2026-09-28,Show Court,17:30,never,,
2026-09-28,Show Court,18:00,never,,
2026-09-28,Show Court,18:30,never,,
2026-09-28,Show Court,19:00,never,,
2026-09-28,Show Court,19:30,never,,
2026-09-28,Show Court,20:00,never,,
2026-09-28,Show Court,20:30,never,,
2026-09-28,Show Court,21:00,never,,
2026-09-28,Show Court,21:30,never,,
2026-09-28,Show Court,22:00,never,,
2026-09-28,Show Court,22:30,never,,
2026-09-28,Show Court,23:00,free,25.0,
2026-09-28,Show Court,23:30,sold,25.0,0.2
2026-09-29,Court 1,06:30,free,25.0,
2026-09-29,Court 1,07:00,sold,25.0,0.2
2026-09-29,Court 1,07:30,free,25.0,
2026-09-29,Court 1,08:00,free,25.0,
2026-09-29,Court 1,08:30,sold,25.0,0.2
2026-09-29,Court 1,09:00,never,,
2026-09-29,Court 1,09:30,never,,
2026-09-29,Court 1,10:00,free,25.0,
2026-09-29,Court 1,10:30,sold,25.0,0.2
2026-09-29,Court 1,11:00,never,,
2026-09-29,Court 1,11:30,never,,
2026-09-29,Court 1,12:00,never,,
2026-09-29,Court 1,12:30,never,,
2026-09-29,Court 1,13:00,never,,
2026-09-29,Court 1,13:30,never,,
2026-09-29,Court 1,14:00,sold,25.0,45.7
2026-09-29,Court 1,14:30,sold,25.0,46.2
2026-09-29,Court 1,15:00,sold,25.0,46.7
2026-09-29,Court 1,15:30,free,25.0,
2026-09-29,Court 1,16:00,sold,25.0,0.2
2026-09-29,Court 1,16:30,never,,
2026-09-29,Court 1,17:00,never,,
2026-09-29,Court 1,17:30,never,,
2026-09-29,Court 1,18:00,never,,
2026-09-29,Court 1,18:30,never,,
2026-09-29,Court 1,19:00,sold,25.0,23.6
2026-09-29,Court 1,19:30,sold,25.0,24.1
2026-09-29,Court 1,20:00,sold,25.0,24.6
2026-09-29,Court 1,20:30,never,,
2026-09-29,Court 1,21:00,never,,
2026-09-29,Court 1,21:30,never,,
2026-09-29,Court 1,22:00,free,25.0,
2026-09-29,Court 1,22:30,sold,25.0,0.2
2026-09-29,Court 1,23:00,free,25.0,
2026-09-29,Court 1,23:30,sold,25.0,0.2
2026-09-29,Court 2,06:30,never,,
2026-09-29,Court 2,07:00,never,,
2026-09-29,Court 2,07:30,never,,
2026-09-29,Court 2,08:00,free,25.0,
2026-09-29,Court 2,08:30,sold,25.0,0.2
2026-09-29,Court 2,09:00,sold,25.0,0.7
2026-09-29,Court 2,09:30,never,,
2026-09-29,Court 2,10:00,never,,
2026-09-29,Court 2,10:30,never,,
2026-09-29,Court 2,11:00,never,,
2026-09-29,Court 2,11:30,never,,
2026-09-29,Court 2,12:00,never,,
2026-09-29,Court 2,12:30,never,,
2026-09-29,Court 2,13:00,never,,
2026-09-29,Court 2,13:30,never,,
2026-09-29,Court 2,14:00,never,,
2026-09-29,Court 2,14:30,free,25.0,
2026-09-29,Court 2,15:00,sold,25.0,0.2
2026-09-29,Court 2,15:30,never,,
2026-09-29,Court 2,16:00,never,,
2026-09-29,Court 2,16:30,free,25.0,
2026-09-29,Court 2,17:00,sold,25.0,0.2
2026-09-29,Court 2,17:30,never,,
2026-09-29,Court 2,18:00,never,,
2026-09-29,Court 2,18:30,never,,
2026-09-29,Court 2,19:00,never,,
2026-09-29,Court 2,19:30,never,,
2026-09-29,Court 2,20:00,never,,
2026-09-29,Court 2,20:30,never,,
2026-09-29,Court 2,21:00,never,,
2026-09-29,Court 2,21:30,never,,
2026-09-29,Court 2,22:00,free,25.0,
2026-09-29,Court 2,22:30,sold,25.0,0.2
2026-09-29,Court 2,23:00,free,25.0,
2026-09-29,Court 2,23:30,sold,25.0,0.2
2026-09-29,Court 3,06:30,free,25.0,
2026-09-29,Court 3,07:00,sold,25.0,0.2
2026-09-29,Court 3,07:30,free,25.0,
2026-09-29,Court 3,08:00,sold,25.0,0.1
2026-09-29,Court 3,08:30,never,,
2026-09-29,Court 3,09:00,never,,
2026-09-29,Court 3,09:30,never,,
2026-09-29,Court 3,10:00,free,25.0,
2026-09-29,Court 3,10:30,sold,25.0,0.2
2026-09-29,Court 3,11:00,never,,
2026-09-29,Court 3,11:30,never,,
2026-09-29,Court 3,12:00,never,,
2026-09-29,Court 3,12:30,never,,
2026-09-29,Court 3,13:00,never,,
2026-09-29,Court 3,13:30,never,,
2026-09-29,Court 3,14:00,free,25.0,
2026-09-29,Court 3,14:30,sold,25.0,0.1
2026-09-29,Court 3,15:00,sold,25.0,0.6
2026-09-29,Court 3,15:30,never,,
2026-09-29,Court 3,16:00,never,,
2026-09-29,Court 3,16:30,never,,
2026-09-29,Court 3,17:00,never,,
2026-09-29,Court 3,17:30,never,,
2026-09-29,Court 3,18:00,never,,
2026-09-29,Court 3,18:30,never,,
2026-09-29,Court 3,19:00,never,,
2026-09-29,Court 3,19:30,never,,
2026-09-29,Court 3,20:00,never,,
2026-09-29,Court 3,20:30,never,,
2026-09-29,Court 3,21:00,never,,
2026-09-29,Court 3,21:30,never,,
2026-09-29,Court 3,22:00,free,25.0,
2026-09-29,Court 3,22:30,sold,25.0,0.2
2026-09-29,Court 3,23:00,sold,25.0,0.2
2026-09-29,Court 3,23:30,sold,25.0,0.7
2026-09-29,Court 4,06:30,free,25.0,
2026-09-29,Court 4,07:00,sold,25.0,0.2
2026-09-29,Court 4,07:30,free,25.0,
2026-09-29,Court 4,08:00,sold,25.0,0.1
2026-09-29,Court 4,08:30,never,,
2026-09-29,Court 4,09:00,never,,
2026-09-29,Court 4,09:30,never,,
2026-09-29,Court 4,10:00,free,25.0,
2026-09-29,Court 4,10:30,sold,25.0,0.2
2026-09-29,Court 4,11:00,never,,
2026-09-29,Court 4,11:30,never,,
2026-09-29,Court 4,12:00,never,,
2026-09-29,Court 4,12:30,never,,
2026-09-29,Court 4,13:00,never,,
2026-09-29,Court 4,13:30,never,,
2026-09-29,Court 4,14:00,never,,
2026-09-29,Court 4,14:30,never,,
2026-09-29,Court 4,15:00,never,,
2026-09-29,Court 4,15:30,sold,25.0,5.2
2026-09-29,Court 4,16:00,sold,25.0,5.7
2026-09-29,Court 4,16:30,sold,25.0,6.2
2026-09-29,Court 4,17:00,never,,
2026-09-29,Court 4,17:30,never,,
2026-09-29,Court 4,18:00,never,,
2026-09-29,Court 4,18:30,never,,
2026-09-29,Court 4,19:00,never,,
2026-09-29,Court 4,19:30,never,,
2026-09-29,Court 4,20:00,never,,
2026-09-29,Court 4,20:30,never,,
2026-09-29,Court 4,21:00,never,,
2026-09-29,Court 4,21:30,sold,25.0,51.8
2026-09-29,Court 4,22:00,sold,25.0,52.3
2026-09-29,Court 4,22:30,sold,25.0,27.7
2026-09-29,Court 4,23:00,sold,25.0,28.2
2026-09-29,Court 4,23:30,sold,25.0,28.7
2026-09-29,Court 5,06:30,free,25.0,
2026-09-29,Court 5,07:00,sold,25.0,0.2
2026-09-29,Court 5,07:30,free,25.0,
2026-09-29,Court 5,08:00,free,25.0,
2026-09-29,Court 5,08:30,free,25.0,
2026-09-29,Court 5,09:00,sold,25.0,0.2
2026-09-29,Court 5,09:30,never,,
2026-09-29,Court 5,10:00,never,,
2026-09-29,Court 5,10:30,never,,
2026-09-29,Court 5,11:00,never,,
2026-09-29,Court 5,11:30,never,,
2026-09-29,Court 5,12:00,never,,
2026-09-29,Court 5,12:30,never,,
2026-09-29,Court 5,13:00,free,25.0,
2026-09-29,Court 5,13:30,sold,25.0,0.1
2026-09-29,Court 5,14:00,never,,
2026-09-29,Court 5,14:30,never,,
2026-09-29,Court 5,15:00,never,,
2026-09-29,Court 5,15:30,never,,
2026-09-29,Court 5,16:00,never,,
2026-09-29,Court 5,16:30,never,,
2026-09-29,Court 5,17:00,sold,25.0,28.2
2026-09-29,Court 5,17:30,sold,25.0,28.7
2026-09-29,Court 5,18:00,sold,25.0,29.2
2026-09-29,Court 5,18:30,never,,
2026-09-29,Court 5,19:00,never,,
2026-09-29,Court 5,19:30,never,,
2026-09-29,Court 5,20:00,never,,
2026-09-29,Court 5,20:30,never,,
2026-09-29,Court 5,21:00,never,,
2026-09-29,Court 5,21:30,never,,
2026-09-29,Court 5,22:00,free,25.0,
2026-09-29,Court 5,22:30,sold,25.0,0.2
2026-09-29,Court 5,23:00,free,25.0,
2026-09-29,Court 5,23:30,sold,25.0,0.2
2026-09-29,Court 6,06:30,free,25.0,
2026-09-29,Court 6,07:00,sold,25.0,0.2
2026-09-29,Court 6,07:30,free,25.0,
2026-09-29,Court 6,08:00,free,25.0,
2026-09-29,Court 6,08:30,free,25.0,
2026-09-29,Court 6,09:00,sold,25.0,0.2
2026-09-29,Court 6,09:30,never,,
2026-09-29,Court 6,10:00,never,,
2026-09-29,Court 6,10:30,never,,
2026-09-29,Court 6,11:00,free,25.0,
2026-09-29,Court 6,11:30,sold,25.0,0.2
2026-09-29,Court 6,12:00,free,25.0,
2026-09-29,Court 6,12:30,sold,25.0,0.2
2026-09-29,Court 6,13:00,never,,
2026-09-29,Court 6,13:30,never,,
2026-09-29,Court 6,14:00,never,,
2026-09-29,Court 6,14:30,free,25.0,
2026-09-29,Court 6,15:00,sold,25.0,0.2
2026-09-29,Court 6,15:30,never,,
2026-09-29,Court 6,16:00,never,,
2026-09-29,Court 6,16:30,never,,
2026-09-29,Court 6,17:00,sold,25.0,24.2
2026-09-29,Court 6,17:30,sold,25.0,24.7
2026-09-29,Court 6,18:00,never,,
2026-09-29,Court 6,18:30,never,,
2026-09-29,Court 6,19:00,never,,
2026-09-29,Court 6,19:30,never,,
2026-09-29,Court 6,20:00,never,,
2026-09-29,Court 6,20:30,never,,
2026-09-29,Court 6,21:00,never,,
2026-09-29,Court 6,21:30,never,,
2026-09-29,Court 6,22:00,free,25.0,
2026-09-29,Court 6,22:30,sold,25.0,0.2
2026-09-29,Court 6,23:00,free,25.0,
2026-09-29,Court 6,23:30,sold,25.0,0.2
2026-09-29,Show Court,06:30,free,25.0,
2026-09-29,Show Court,07:00,sold,25.0,0.2
2026-09-29,Show Court,07:30,free,25.0,
2026-09-29,Show Court,08:00,free,25.0,
2026-09-29,Show Court,08:30,free,25.0,
2026-09-29,Show Court,09:00,free,25.0,
2026-09-29,Show Court,09:30,sold,25.0,0.1
2026-09-29,Show Court,10:00,sold,25.0,36.7
2026-09-29,Show Court,10:30,sold,25.0,37.2
2026-09-29,Show Court,11:00,sold,25.0,37.7
2026-09-29,Show Court,11:30,never,,
2026-09-29,Show Court,12:00,never,,
2026-09-29,Show Court,12:30,never,,
2026-09-29,Show Court,13:00,free,25.0,
2026-09-29,Show Court,13:30,sold,25.0,0.1
2026-09-29,Show Court,14:00,free,25.0,
2026-09-29,Show Court,14:30,free,25.0,
2026-09-29,Show Court,15:00,free,25.0,
2026-09-29,Show Court,15:30,free,25.0,
2026-09-29,Show Court,16:00,free,25.0,
2026-09-29,Show Court,16:30,free,25.0,
2026-09-29,Show Court,17:00,free,25.0,
2026-09-29,Show Court,17:30,sold,25.0,0.1
2026-09-29,Show Court,18:00,never,,
2026-09-29,Show Court,18:30,never,,
2026-09-29,Show Court,19:00,never,,
2026-09-29,Show Court,19:30,never,,
2026-09-29,Show Court,20:00,never,,
2026-09-29,Show Court,20:30,never,,
2026-09-29,Show Court,21:00,never,,
2026-09-29,Show Court,21:30,never,,
2026-09-29,Show Court,22:00,never,,
2026-09-29,Show Court,22:30,never,,
2026-09-29,Show Court,23:00,free,25.0,
2026-09-29,Show Court,23:30,sold,25.0,0.2
2026-09-30,Court 1,06:30,sold,25.0,14.2
2026-09-30,Court 1,07:00,sold,25.0,14.7
2026-09-30,Court 1,07:30,free,25.0,
2026-09-30,Court 1,08:00,sold,25.0,0.1
2026-09-30,Court 1,08:30,free,25.0,
2026-09-30,Court 1,09:00,sold,25.0,0.2
2026-09-30,Court 1,09:30,never,,
2026-09-30,Court 1,10:00,never,,
2026-09-30,Court 1,10:30,never,,
2026-09-30,Court 1,11:00,free,25.0,
2026-09-30,Court 1,11:30,sold,25.0,0.2
2026-09-30,Court 1,12:00,free,25.0,
2026-09-30,Court 1,12:30,sold,25.0,0.2
2026-09-30,Court 1,13:00,never,,
2026-09-30,Court 1,13:30,never,,
2026-09-30,Court 1,14:00,never,,
2026-09-30,Court 1,14:30,free,25.0,
2026-09-30,Court 1,15:00,sold,25.0,0.2
2026-09-30,Court 1,15:30,never,,
2026-09-30,Court 1,16:00,never,,
2026-09-30,Court 1,16:30,never,,
2026-09-30,Court 1,17:00,never,,
2026-09-30,Court 1,17:30,never,,
2026-09-30,Court 1,18:00,never,,
2026-09-30,Court 1,18:30,never,,
2026-09-30,Court 1,19:00,never,,
2026-09-30,Court 1,19:30,never,,
2026-09-30,Court 1,20:00,never,,
2026-09-30,Court 1,20:30,never,,
2026-09-30,Court 1,21:00,never,,
2026-09-30,Court 1,21:30,never,,
2026-09-30,Court 1,22:00,never,,
2026-09-30,Court 1,22:30,sold,25.0,61.1
2026-09-30,Court 1,23:00,sold,25.0,61.6
2026-09-30,Court 1,23:30,sold,25.0,62.1
2026-09-30,Court 2,06:30,sold,25.0,14.2
2026-09-30,Court 2,07:00,sold,25.0,14.7
2026-09-30,Court 2,07:30,never,,
2026-09-30,Court 2,08:00,never,,
2026-09-30,Court 2,08:30,never,,
2026-09-30,Court 2,09:00,never,,
2026-09-30,Court 2,09:30,never,,
2026-09-30,Court 2,10:00,never,,
2026-09-30,Court 2,10:30,never,,
2026-09-30,Court 2,11:00,never,,
2026-09-30,Court 2,11:30,never,,
2026-09-30,Court 2,12:00,free,25.0,
2026-09-30,Court 2,12:30,sold,25.0,0.2
2026-09-30,Court 2,13:00,never,,
2026-09-30,Court 2,13:30,never,,
2026-09-30,Court 2,14:00,never,,
2026-09-30,Court 2,14:30,never,,
2026-09-30,Court 2,15:00,never,,
2026-09-30,Court 2,15:30,never,,
2026-09-30,Court 2,16:00,never,,
2026-09-30,Court 2,16:30,never,,
2026-09-30,Court 2,17:00,never,,
2026-09-30,Court 2,17:30,never,,
2026-09-30,Court 2,18:00,never,,
2026-09-30,Court 2,18:30,never,,
2026-09-30,Court 2,19:00,never,,
2026-09-30,Court 2,19:30,never,,
2026-09-30,Court 2,20:00,sold,25.0,4.1
2026-09-30,Court 2,20:30,sold,25.0,4.6
2026-09-30,Court 2,21:00,sold,25.0,5.1
2026-09-30,Court 2,21:30,never,,
2026-09-30,Court 2,22:00,never,,
2026-09-30,Court 2,22:30,never,,
2026-09-30,Court 2,23:00,free,25.0,
2026-09-30,Court 2,23:30,sold,25.0,0.2
2026-09-30,Court 3,06:30,free,25.0,
2026-09-30,Court 3,07:00,sold,25.0,0.2
2026-09-30,Court 3,07:30,free,25.0,
2026-09-30,Court 3,08:00,free,25.0,
2026-09-30,Court 3,08:30,sold,25.0,0.2
2026-09-30,Court 3,09:00,never,,
2026-09-30,Court 3,09:30,never,,
2026-09-30,Court 3,10:00,never,,
2026-09-30,Court 3,10:30,free,25.0,
2026-09-30,Court 3,11:00,sold,25.0,0.2
2026-09-30,Court 3,11:30,never,,
2026-09-30,Court 3,12:00,never,,
2026-09-30,Court 3,12:30,never,,
2026-09-30,Court 3,13:00,free,25.0,
2026-09-30,Court 3,13:30,free,25.0,
2026-09-30,Court 3,14:00,free,25.0,
2026-09-30,Court 3,14:30,free,25.0,
2026-09-30,Court 3,15:00,free,25.0,
2026-09-30,Court 3,15:30,free,25.0,
2026-09-30,Court 3,16:00,free,25.0,
2026-09-30,Court 3,16:30,sold,25.0,0.1
2026-09-30,Court 3,17:00,never,,
2026-09-30,Court 3,17:30,never,,
2026-09-30,Court 3,18:00,never,,
2026-09-30,Court 3,18:30,never,,
2026-09-30,Court 3,19:00,sold,25.0,46.7
2026-09-30,Court 3,19:30,sold,25.0,47.2
2026-09-30,Court 3,20:00,sold,25.0,47.7
2026-09-30,Court 3,20:30,sold,25.0,12.2
2026-09-30,Court 3,21:00,sold,25.0,12.7
2026-09-30,Court 3,21:30,sold,25.0,10.7
2026-09-30,Court 3,22:00,sold,25.0,11.2
2026-09-30,Court 3,22:30,free,25.0,
2026-09-30,Court 3,23:00,sold,25.0,0.2
2026-09-30,Court 3,23:30,sold,25.0,0.7
2026-09-30,Court 4,06:30,free,25.0,
2026-09-30,Court 4,07:00,sold,25.0,0.2
2026-09-30,Court 4,07:30,free,25.0,
2026-09-30,Court 4,08:00,free,25.0,
2026-09-30,Court 4,08:30,free,25.0,
2026-09-30,Court 4,09:00,sold,25.0,0.2
2026-09-30,Court 4,09:30,sold,25.0,43.2
2026-09-30,Court 4,10:00,sold,25.0,43.7
2026-09-30,Court 4,10:30,sold,25.0,44.2
2026-09-30,Court 4,11:00,never,,
2026-09-30,Court 4,11:30,never,,
2026-09-30,Court 4,12:00,never,,
2026-09-30,Court 4,12:30,never,,
2026-09-30,Court 4,13:00,never,,
2026-09-30,Court 4,13:30,never,,
2026-09-30,Court 4,14:00,never,,
2026-09-30,Court 4,14:30,never,,
2026-09-30,Court 4,15:00,never,,
2026-09-30,Court 4,15:30,never,,
2026-09-30,Court 4,16:00,never,,
2026-09-30,Court 4,16:30,never,,
2026-09-30,Court 4,17:00,never,,
2026-09-30,Court 4,17:30,never,,
2026-09-30,Court 4,18:00,never,,
2026-09-30,Court 4,18:30,never,,
2026-09-30,Court 4,19:00,never,,
2026-09-30,Court 4,19:30,never,,
2026-09-30,Court 4,20:00,never,,
2026-09-30,Court 4,20:30,never,,
2026-09-30,Court 4,21:00,sold,25.0,95.7
2026-09-30,Court 4,21:30,sold,25.0,96.2
2026-09-30,Court 4,22:00,sold,25.0,3.7
2026-09-30,Court 4,22:30,sold,25.0,4.2
2026-09-30,Court 4,23:00,free,25.0,
2026-09-30,Court 4,23:30,sold,25.0,0.2
2026-09-30,Court 5,06:30,free,25.0,
2026-09-30,Court 5,07:00,sold,25.0,0.2
2026-09-30,Court 5,07:30,sold,25.0,0.7
2026-09-30,Court 5,08:00,never,,
2026-09-30,Court 5,08:30,never,,
2026-09-30,Court 5,09:00,never,,
2026-09-30,Court 5,09:30,never,,
2026-09-30,Court 5,10:00,never,,
2026-09-30,Court 5,10:30,never,,
2026-09-30,Court 5,11:00,never,,
2026-09-30,Court 5,11:30,never,,
2026-09-30,Court 5,12:00,never,,
2026-09-30,Court 5,12:30,never,,
2026-09-30,Court 5,13:00,never,,
2026-09-30,Court 5,13:30,never,,
2026-09-30,Court 5,14:00,never,,
2026-09-30,Court 5,14:30,sold,25.0,27.2
2026-09-30,Court 5,15:00,sold,25.0,27.7
2026-09-30,Court 5,15:30,sold,25.0,24.2
2026-09-30,Court 5,16:00,sold,25.0,24.7
2026-09-30,Court 5,16:30,sold,25.0,25.2
2026-09-30,Court 5,17:00,never,,
2026-09-30,Court 5,17:30,never,,
2026-09-30,Court 5,18:00,never,,
2026-09-30,Court 5,18:30,never,,
2026-09-30,Court 5,19:00,never,,
2026-09-30,Court 5,19:30,never,,
2026-09-30,Court 5,20:00,never,,
2026-09-30,Court 5,20:30,never,,
2026-09-30,Court 5,21:00,never,,
2026-09-30,Court 5,21:30,never,,
2026-09-30,Court 5,22:00,never,,
2026-09-30,Court 5,22:30,never,,
2026-09-30,Court 5,23:00,free,25.0,
2026-09-30,Court 5,23:30,sold,25.0,0.2
2026-09-30,Court 6,06:30,sold,25.0,21.1
2026-09-30,Court 6,07:00,sold,25.0,21.6
2026-09-30,Court 6,07:30,sold,25.0,22.1
2026-09-30,Court 6,08:00,sold,25.0,22.6
2026-09-30,Court 6,08:30,free,25.0,
2026-09-30,Court 6,09:00,sold,25.0,0.2
2026-09-30,Court 6,09:30,never,,
2026-09-30,Court 6,10:00,never,,
2026-09-30,Court 6,10:30,never,,
2026-09-30,Court 6,11:00,free,25.0,
2026-09-30,Court 6,11:30,sold,25.0,0.2
2026-09-30,Court 6,12:00,never,,
2026-09-30,Court 6,12:30,never,,
2026-09-30,Court 6,13:00,never,,
2026-09-30,Court 6,13:30,never,,
2026-09-30,Court 6,14:00,never,,
2026-09-30,Court 6,14:30,never,,
2026-09-30,Court 6,15:00,never,,
2026-09-30,Court 6,15:30,never,,
2026-09-30,Court 6,16:00,never,,
2026-09-30,Court 6,16:30,never,,
2026-09-30,Court 6,17:00,never,,
2026-09-30,Court 6,17:30,never,,
2026-09-30,Court 6,18:00,never,,
2026-09-30,Court 6,18:30,never,,
2026-09-30,Court 6,19:00,never,,
2026-09-30,Court 6,19:30,never,,
2026-09-30,Court 6,20:00,never,,
2026-09-30,Court 6,20:30,never,,
2026-09-30,Court 6,21:00,never,,
2026-09-30,Court 6,21:30,never,,
2026-09-30,Court 6,22:00,sold,25.0,0.7
2026-09-30,Court 6,22:30,sold,25.0,1.2
2026-09-30,Court 6,23:00,free,25.0,
2026-09-30,Court 6,23:30,sold,25.0,0.2
2026-09-30,Show Court,06:30,free,25.0,
2026-09-30,Show Court,07:00,sold,25.0,0.2
2026-09-30,Show Court,07:30,free,25.0,
2026-09-30,Show Court,08:00,free,25.0,
2026-09-30,Show Court,08:30,free,25.0,
2026-09-30,Show Court,09:00,free,25.0,
2026-09-30,Show Court,09:30,free,25.0,
2026-09-30,Show Court,10:00,free,25.0,
2026-09-30,Show Court,10:30,free,25.0,
2026-09-30,Show Court,11:00,free,25.0,
2026-09-30,Show Court,11:30,sold,25.0,0.2
2026-09-30,Show Court,12:00,sold,25.0,3.7
2026-09-30,Show Court,12:30,sold,25.0,4.2
2026-09-30,Show Court,13:00,sold,25.0,4.7
2026-09-30,Show Court,13:30,sold,25.0,1.7
2026-09-30,Show Court,14:00,sold,25.0,2.2
2026-09-30,Show Court,14:30,free,25.0,
2026-09-30,Show Court,15:00,free,25.0,
2026-09-30,Show Court,15:30,free,25.0,
2026-09-30,Show Court,16:00,sold,25.0,0.1
2026-09-30,Show Court,16:30,never,,
2026-09-30,Show Court,17:00,never,,
2026-09-30,Show Court,17:30,never,,
2026-09-30,Show Court,18:00,sold,25.0,54.7
2026-09-30,Show Court,18:30,sold,25.0,55.2
2026-09-30,Show Court,19:00,sold,25.0,55.7
2026-09-30,Show Court,19:30,never,,
2026-09-30,Show Court,20:00,never,,
2026-09-30,Show Court,20:30,never,,
2026-09-30,Show Court,21:00,never,,
2026-09-30,Show Court,21:30,sold,25.0,94.2
2026-09-30,Show Court,22:00,sold,25.0,94.7
2026-09-30,Show Court,22:30,sold,25.0,95.2
2026-09-30,Show Court,23:00,free,25.0,
2026-09-30,Show Court,23:30,sold,25.0,0.2
