club,group,type,name,date,start,minutes,places_filled,places,fill_rate,price_per_player_gbp,est_courts,court,players_revenue_gbp,last_seen
Padel Maidenhead,local,Class,Bullpadel Private Racket Fitting,2026-10-01,09:30,30,0,1,0.0,30.0,1,,0.0,2026-10-01T07:25+01:00
Padel Maidenhead,local,Class,1:1 Lesson with Brad,2026-10-01,13:00,60,0,1,0.0,95.0,1,,0.0,2026-10-01T07:25+01:00
Padel Maidenhead,local,Class,Bullpadel Private Racket Fitting,2026-10-01,14:30,30,0,1,0.0,30.0,1,,0.0,2026-10-01T11:20+01:00
Padel Maidenhead,local,Class,Bullpadel Private Racket Fitting,2026-10-01,14:30,30,0,1,0.0,30.0,1,,0.0,2026-10-01T11:20+01:00
Padel Maidenhead,local,Class,Padel IQ with Brad,2026-10-01,15:00,60,0,3,0.0,27.5,1,,0.0,2026-10-01T11:20+01:00
Padel Maidenhead,local,Class,Men's Squad Coaching - INVITE ONLY,2026-10-01,19:30,90,3,4,0.75,25.0,1,,75.0,2026-10-01T13:25+01:00
Padel Maidenhead,local,Class,Intro to Padel,2026-10-03,11:00,60,4,6,0.6667,15.0,1,,60.0,2026-10-03T03:19+01:00
Padel Maidenhead,local,Class,Playtomic Levelling,2026-10-04,13:00,60,2,4,0.5,25.0,1,,50.0,2026-10-03T03:19+01:00
Padel Maidenhead,local,Class,1:1 Private Lesson with Will,2026-10-05,11:00,60,0,1,0.0,85.0,1,,0.0,2026-10-03T03:19+01:00
Padel Maidenhead,local,Class,Intro to Padel,2026-10-05,17:00,60,5,6,0.8333,15.0,1,,75.0,2026-10-03T03:19+01:00
Padel Maidenhead,local,Class,Intro to Padel,2026-10-06,10:00,60,0,6,0.0,15.0,1,,0.0,2026-10-03T03:19+01:00
Padel Maidenhead,local,Class,Attacking Smashes Workshop,2026-10-06,13:00,90,1,4,0.25,30.0,1,,30.0,2026-10-03T03:19+01:00
Padel Maidenhead,local,Class,Women's Squad Coaching - INVITE ONLY,2026-10-06,19:30,90,0,8,0.0,25.0,2,,0.0,2026-10-03T03:19+01:00
Padel Maidenhead,local,Class,Play & Learn with Brad,2026-10-07,11:00,60,0,3,0.0,27.5,1,,0.0,2026-10-03T03:19+01:00
Padel Maidenhead,local,Class,Women's Improver Coaching,2026-10-07,13:00,60,1,4,0.25,25.0,1,,25.0,2026-10-03T03:19+01:00
Padel Maidenhead,local,Class,1:1 Lesson with Zac,2026-10-07,14:00,60,0,1,0.0,85.0,1,,0.0,2026-10-03T03:19+01:00
Padel Maidenhead,local,Class,Play & Learn with Will,2026-10-08,11:00,60,1,3,0.3333,27.5,1,,27.5,2026-10-03T03:19+01:00
Padel Maidenhead,local,Class,Empower with Harriet & Jade,2026-10-08,11:30,90,11,12,0.9167,18.75,3,,206.25,2026-10-03T03:19+01:00
Padel Maidenhead,local,Class,Playtomic Levelling,2026-10-08,15:00,60,1,4,0.25,25.0,1,,25.0,2026-10-03T03:19+01:00
Padel Maidenhead,local,Class,Men's Squad Coaching - INVITE ONLY,2026-10-08,19:30,90,0,8,0.0,25.0,2,,0.0,2026-10-03T03:19+01:00
Padel Maidenhead,local,Class,Intro to Padel,2026-10-09,17:00,60,0,6,0.0,15.0,1,,0.0,2026-10-03T03:19+01:00
Padel Maidenhead,local,Class,Intro to Padel,2026-10-10,11:00,60,0,6,0.0,15.0,1,,0.0,2026-10-03T03:19+01:00
Padel Maidenhead,local,Class,Sunday Social,2026-10-11,12:00,90,7,8,0.875,25.0,2,,175.0,2026-09-30T19:21+01:00
Padel Maidenhead,local,Class,Playtomic Levelling,2026-10-11,13:00,60,0,4,0.0,25.0,1,,0.0,2026-10-03T03:19+01:00
Padel Maidenhead,local,Class,Playtomic Levelling,2026-10-12,17:00,60,2,4,0.5,25.0,1,,50.0,2026-10-03T03:19+01:00
Padel Maidenhead,local,Class,Intro to Padel,2026-10-12,17:00,60,0,6,0.0,15.0,1,,0.0,2026-10-03T03:19+01:00
Padel Maidenhead,local,Class,Intro to Padel,2026-10-13,10:00,60,0,6,0.0,15.0,1,,0.0,2026-10-03T03:19+01:00
Padel Maidenhead,local,Class,Women's Squad Coaching - INVITE ONLY,2026-10-13,19:30,90,0,8,0.0,25.0,2,,0.0,2026-10-03T03:19+01:00
Padel Maidenhead,local,Class,Women's Improver Coaching,2026-10-14,13:00,60,0,4,0.0,25.0,1,,0.0,2026-10-03T03:19+01:00
Padel Maidenhead,local,Class,Play & Learn with Zac,2026-10-14,14:00,60,0,3,0.0,27.5,1,,0.0,2026-10-03T03:19+01:00
Padel Maidenhead,local,Class,Play & Learn with Will,2026-10-15,11:00,60,0,3,0.0,27.5,1,,0.0,2026-10-03T03:19+01:00
Padel Maidenhead,local,Class,Playtomic Levelling,2026-10-15,15:00,60,0,4,0.0,25.0,1,,0.0,2026-10-03T03:19+01:00
Padel Maidenhead,local,Class,Men's Squad Coaching - INVITE ONLY,2026-10-15,19:30,90,0,8,0.0,25.0,2,,0.0,2026-10-03T03:19+01:00
Padel Maidenhead,local,Class,Intro to Padel,2026-10-16,17:00,60,0,6,0.0,15.0,1,,0.0,2026-10-03T03:19+01:00
Padel Maidenhead,local,Class,Intro to Padel,2026-10-17,11:00,60,0,6,0.0,15.0,1,,0.0,2026-10-03T03:19+01:00
Padel Maidenhead,local,Class,Playtomic Levelling,2026-10-18,13:00,60,0,4,0.0,25.0,1,,0.0,2026-10-03T03:19+01:00
Padel Maidenhead,local,Class,Intro to Padel,2026-10-19,17:00,60,0,6,0.0,15.0,1,,0.0,2026-10-03T03:19+01:00
Padel Maidenhead,local,Class,Playtomic Levelling,2026-10-19,17:00,60,0,4,0.0,25.0,1,,0.0,2026-10-03T03:19+01:00
Padel Maidenhead,local,Class,Intro to Padel,2026-10-20,10:00,60,0,6,0.0,15.0,1,,0.0,2026-10-03T03:19+01:00
Padel Maidenhead,local,Class,Women's Squad Coaching - INVITE ONLY,2026-10-20,19:30,90,0,8,0.0,25.0,2,,0.0,2026-10-03T03:19+01:00
Padel Maidenhead,local,Class,Women's Improver Coaching,2026-10-21,13:00,60,0,4,0.0,25.0,1,,0.0,2026-10-03T03:19+01:00
Padel Maidenhead,local,Class,Play & Learn with Zac,2026-10-21,14:00,60,0,3,0.0,27.5,1,,0.0,2026-10-03T03:19+01:00
Padel Maidenhead,local,Class,Play & Learn with Will,2026-10-22,11:00,60,0,3,0.0,27.5,1,,0.0,2026-10-03T03:19+01:00
Padel Maidenhead,local,Class,Playtomic Levelling,2026-10-22,15:00,60,0,4,0.0,25.0,1,,0.0,2026-10-03T03:19+01:00
Padel Maidenhead,local,Class,Men's Squad Coaching - INVITE ONLY,2026-10-22,19:30,90,0,8,0.0,25.0,2,,0.0,2026-10-03T03:19+01:00
Padel Maidenhead,local,Class,Intro to Padel,2026-10-23,17:00,60,0,6,0.0,15.0,1,,0.0,2026-10-03T03:19+01:00
Padel Maidenhead,local,Class,Intro to Padel,2026-10-24,11:00,60,0,6,0.0,15.0,1,,0.0,2026-10-03T03:19+01:00
Padel Maidenhead,local,Class,Sunday Social,2026-10-25,12:00,90,0,8,0.0,25.0,2,,0.0,2026-10-03T03:19+01:00
Padel Maidenhead,local,Tournament,Padel Maidenhead's Mixed 50+ Tournament (1.5- 3.0) - Male Entry,2026-10-27,11:00,120,2,8,0.25,30.0,2,,60.0,2026-10-03T03:19+01:00
Padel Maidenhead,local,Tournament,Padel Maidenhead's Men's Tournament (1.5-2.4) ,2026-10-31,14:00,120,7,24,0.2917,30.0,6,,210.0,2026-10-03T03:19+01:00
Padel Maidenhead,local,Tournament,Padel Maidenhead's Men's Tournament (2.5+),2026-10-31,16:00,120,0,24,0.0,30.0,6,,0.0,2026-10-03T03:19+01:00
Padel Maidenhead,local,Tournament,Padel Maidenhead's Women's Tournament (1.5-2.4),2026-11-21,14:00,120,9,24,0.375,30.0,6,,270.0,2026-10-02T21:17+01:00
Padel Maidenhead,local,Tournament,Padel Maidenhead's Women's Tournament (2.5+),2026-11-21,16:00,120,1,24,0.0417,30.0,6,,30.0,2026-10-02T21:17+01:00
Padel Maidenhead,local,Tournament,Padel Maidenhead's Mixed 50+ Tournament (1.5- 3.0) - Female Entry,2026-11-24,11:00,120,1,12,0.0833,30.0,3,,30.0,2026-10-02T21:17+01:00
Padel Maidenhead,local,Tournament,Padel Maidenhead's Mixed 50+ Tournament (1.5- 3.0) - Male Entry,2026-11-24,11:00,120,2,12,0.1667,30.0,3,,60.0,2026-10-02T21:17+01:00
Padel Maidenhead,local,Tournament,Friday Night Lights: Christmas (Level 2.5+),2026-12-18,18:00,120,12,24,0.5,30.0,6,,360.0,2026-10-02T21:17+01:00
Padel Maidenhead,local,Tournament,Padel Maidenhead's Mixed 50+ Tournament (1.5- 3.0) - Male Entry,2026-12-22,11:00,120,2,8,0.25,30.0,2,,60.0,2026-10-02T21:17+01:00
Padel Maidenhead,local,Tournament,Padel Maidenhead's Mixed 50+ Tournament (1.5- 3.0) - Female Entry,2026-12-22,11:00,120,1,8,0.125,30.0,2,,30.0,2026-10-02T21:17+01:00
Padel Maidenhead,local,Tournament,Padel Maidenhead's Mixed 50+ Tournament (1.5- 3.0) - Female Entry,2026-12-22,11:00,120,2,8,0.25,30.0,2,,60.0,2026-10-03T03:19+01:00
PADELHUB SL2 Slough,local,Class,Tournament + coaching ,2026-10-01,10:00,90,11,12,0.9167,25.0,3,,275.0,2026-09-30T21:19+01:00
PADELHUB SL2 Slough,local,Class,Lesson with Rob,2026-10-01,18:00,90,0,4,0.0,45.0,1,,0.0,2026-10-01T09:21+01:00
PADELHUB SL2 Slough,local,Class,Kids session 8-11 years ,2026-10-03,09:00,60,2,6,0.3333,15.0,1,,30.0,2026-10-01T19:23+01:00
PADELHUB SL2 Slough,local,Class,Kids session 9-12 years ,2026-10-03,11:00,60,1,6,0.1667,15.0,1,,15.0,2026-10-03T03:19+01:00
PADELHUB SL2 Slough,local,Class,Intro to padel ,2026-10-03,12:00,60,3,8,0.375,10.0,2,,30.0,2026-10-03T03:19+01:00
PADELHUB SL2 Slough,local,Class,Playtomic levelling evaluation ,2026-10-03,13:00,60,2,4,0.5,30.0,1,,60.0,2026-10-01T07:25+01:00
PADELHUB SL2 Slough,local,Class,Playtomic levelling evaluation  ,2026-10-03,13:00,60,3,4,0.75,25.0,1,,75.0,2026-10-01T19:23+01:00
PADELHUB SL2 Slough,local,Class,Private Lesson with Anneka,2026-10-05,08:00,60,0,1,0.0,85.0,1,,0.0,2026-10-03T03:19+01:00
PADELHUB SL2 Slough,local,Class,Group Lesson (Level 2.5-3.5),2026-10-05,10:00,60,0,4,0.0,30.0,1,,0.0,2026-10-02T17:19+01:00
PADELHUB SL2 Slough,local,Tournament,8am King Of The Court (All Levels),2026-10-07,08:00,90,0,12,0.0,7.5,3,,0.0,2026-10-03T03:19+01:00
PADELHUB SL2 Slough,local,Tournament,Americano (Level 1+),2026-10-07,12:00,90,2,8,0.25,10.0,2,,20.0,2026-10-03T03:19+01:00
PADELHUB SL2 Slough,local,Tournament,King Of The Court (All Levels 0 -7),2026-10-08,13:00,90,6,16,0.375,10.0,4,,60.0,2026-10-03T03:19+01:00
PADELHUB SL2 Slough,local,Tournament,King Of The Court 2.5+,2026-10-09,14:00,90,1,16,0.0625,10.0,4,,10.0,2026-10-03T01:24+01:00
PADELHUB SL2 Slough,local,Class,Private Lesson with Anneka,2026-10-12,08:00,60,0,1,0.0,85.0,1,,0.0,2026-10-03T03:19+01:00
PADELHUB SL2 Slough,local,Tournament,Advanced Mix In 3.5+,2026-10-13,14:00,90,0,16,0.0,10.0,4,,0.0,2026-10-03T01:24+01:00
PADELHUB SL2 Slough,local,Tournament,8am King Of The Court (All Levels),2026-10-14,08:00,90,0,12,0.0,7.5,3,,0.0,2026-10-03T01:24+01:00
PADELHUB SL2 Slough,local,Tournament,Americano (All Levels 0 - 7),2026-10-14,12:00,90,0,8,0.0,10.0,2,,0.0,2026-10-03T01:24+01:00
PADELHUB SL2 Slough,local,Tournament,King Of The Court (All Levels 0 -7) BABOLAT DEMO DAY,2026-10-15,13:00,90,1,16,0.0625,10.0,4,,10.0,2026-10-03T01:24+01:00
PADELHUB SL2 Slough,local,Tournament,King Of The Court 2.5+,2026-10-16,14:00,90,0,16,0.0,10.0,4,,0.0,2026-10-03T01:24+01:00
PADELHUB SL2 Slough,local,Tournament,Autumn Tournament,2026-10-17,10:00,450,31,48,0.6458,40.0,12,,1240.0,2026-10-03T01:24+01:00
PADELHUB SL2 Slough,local,Class,Private Lesson with Anneka,2026-10-19,08:00,60,0,1,0.0,85.0,1,,0.0,2026-10-03T01:24+01:00
PADELHUB SL2 Slough,local,Tournament,PadelHub Social,2026-10-19,10:00,120,4,16,0.25,15.0,4,,60.0,2026-10-03T01:24+01:00
PADELHUB SL2 Slough,local,Tournament,Advanced Mix In 3.5+,2026-10-20,14:00,90,0,16,0.0,10.0,4,,0.0,2026-10-03T01:24+01:00
PADELHUB SL2 Slough,local,Tournament,8am King Of The Court (All Levels),2026-10-21,08:00,90,0,12,0.0,7.5,3,,0.0,2026-10-03T01:24+01:00
PADELHUB SL2 Slough,local,Tournament,Americano (All Levels 0 -7),2026-10-21,12:00,90,0,8,0.0,10.0,2,,0.0,2026-10-03T01:24+01:00
PADELHUB SL2 Slough,local,Class,Tournament + coaching ,2026-10-22,10:00,90,1,16,0.0625,25.0,4,,25.0,2026-10-03T01:24+01:00
PADELHUB SL2 Slough,local,Tournament,King Of The Court (All Levels 0 -7),2026-10-22,13:00,90,0,16,0.0,10.0,4,,0.0,2026-10-03T01:24+01:00
PADELHUB SL2 Slough,local,Tournament,King Of The Court 2.5+,2026-10-23,14:00,90,0,16,0.0,10.0,4,,0.0,2026-10-03T01:24+01:00
PADELHUB SL2 Slough,local,Class,Private Lesson with Anneka,2026-10-26,08:00,60,0,1,0.0,85.0,1,,0.0,2026-10-03T01:24+01:00
PADELHUB SL2 Slough,local,Tournament,PadelHub Social,2026-10-26,10:00,120,0,16,0.0,15.0,4,,0.0,2026-10-03T01:24+01:00
PADELHUB SL2 Slough,local,Tournament,Advanced Mix In 3.5+,2026-10-27,14:00,90,0,16,0.0,10.0,4,,0.0,2026-10-03T01:24+01:00
PADELHUB SL2 Slough,local,Tournament,8am King Of The Court (All Levels),2026-10-28,08:00,90,0,12,0.0,7.5,3,,0.0,2026-10-03T01:24+01:00
PADELHUB SL2 Slough,local,Tournament,Ladies Americano (Level 1+),2026-10-28,12:00,90,0,8,0.0,10.0,2,,0.0,2026-10-03T01:24+01:00
PADELHUB SL2 Slough,local,Class,Tournament + coaching ,2026-10-29,10:00,90,4,16,0.25,25.0,4,,100.0,2026-10-03T01:24+01:00
PADELHUB SL2 Slough,local,Tournament,King Of The Court (All Levels 0 -7),2026-10-29,13:00,90,0,16,0.0,10.0,4,,0.0,2026-10-03T01:24+01:00
PADELHUB SL2 Slough,local,Tournament,King Of The Court 2.5+,2026-10-30,14:00,90,0,16,0.0,10.0,4,,0.0,2026-10-03T01:24+01:00
PADELHUB SL2 Slough,local,Class,Private Lesson with Anneka,2026-11-02,08:00,60,0,1,0.0,85.0,1,,0.0,2026-10-03T01:24+01:00
PADELHUB SL2 Slough,local,Class,Tournament + coaching ,2026-11-02,08:00,60,0,1,0.0,85.0,1,,0.0,2026-10-03T03:19+01:00
PADELHUB SL2 Slough,local,Tournament,PadelHub Social,2026-11-02,10:00,120,0,16,0.0,15.0,4,,0.0,2026-10-03T01:24+01:00
PADELHUB SL2 Slough,local,Tournament,Advanced Mix In 3.5+,2026-11-03,14:00,90,0,16,0.0,10.0,4,,0.0,2026-10-03T01:24+01:00
PADELHUB SL2 Slough,local,Tournament,8am King Of The Court (All Levels),2026-11-04,08:00,90,0,12,0.0,7.5,3,,0.0,2026-10-03T01:24+01:00
PADELHUB SL2 Slough,local,Tournament,Ladies Americano (Level 1+),2026-11-04,12:00,90,0,8,0.0,10.0,2,,0.0,2026-10-03T01:24+01:00
PADELHUB SL2 Slough,local,Class,Tournament + coaching ,2026-11-05,10:00,90,3,16,0.1875,25.0,4,,75.0,2026-10-03T01:24+01:00
PADELHUB SL2 Slough,local,Tournament,King Of The Court 2.5+,2026-11-06,14:00,90,0,16,0.0,10.0,4,,0.0,2026-10-03T01:24+01:00
PADELHUB SL2 Slough,local,Tournament,Advanced Mix In 3.5+,2026-11-13,14:00,90,0,16,0.0,10.0,4,,0.0,2026-10-03T01:24+01:00
PADELHUB SL2 Slough,local,Tournament,Advanced Mix In 3.5+,2026-11-20,14:00,90,0,16,0.0,10.0,4,,0.0,2026-10-03T01:24+01:00
PADELHUB SL2 Slough,local,Tournament,King Of The Court 2.5+,2026-11-27,14:00,90,0,16,0.0,10.0,4,,0.0,2026-10-02T11:18+01:00
PADELHUB SL2 Slough,local,Tournament,Advanced Mix In 3.5+,2026-11-27,14:00,90,0,16,0.0,10.0,4,,0.0,2026-10-03T01:24+01:00
PADELHUB SL2 Slough,local,Tournament,Advanced Mix In 3.5+,2026-11-27,14:00,90,0,16,0.0,10.0,4,,0.0,2026-10-03T03:19+01:00
PADELHUB SL2 Slough,local,Tournament,King Of The Court (All Levels 0 -7),2026-11-27,14:00,90,0,16,0.0,10.0,4,,0.0,2026-10-01T07:25+01:00
UK Padel Holmer Green,local,Club event,Club Night,2026-09-30,20:30,90,11,12,0.9167,17.5,3,,192.5,2026-09-30T15:22+01:00
UK Padel Holmer Green,local,Coaching,Private Coaching,2026-10-01,08:00,60,1,1,1.0,125.0,1,,125.0,2026-10-01T07:25+01:00
UK Padel Holmer Green,local,Coaching,Private Coaching,2026-10-01,09:00,60,1,1,1.0,125.0,1,,125.0,2026-10-01T07:25+01:00
UK Padel Holmer Green,local,Coaching,Private Coaching,2026-10-01,10:00,60,1,1,1.0,125.0,1,,125.0,2026-10-01T09:21+01:00
UK Padel Holmer Green,local,Coaching,Junior Academy (U16),2026-10-01,17:30,60,8,7,1.1429,15.0,2,,120.0,2026-10-01T17:19+01:00
UK Padel Holmer Green,local,Club event,Improvers Mix-In,2026-10-02,11:00,90,11,12,0.9167,13.13,3,,144.43,2026-10-01T11:20+01:00
UK Padel Holmer Green,local,Coaching,Technical Clinic - Attack,2026-10-02,15:00,60,0,4,0.0,30.0,1,,0.0,2026-10-01T11:20+01:00
UK Padel Holmer Green,local,Coaching,Technical Clinic - Defend,2026-10-02,16:00,60,4,4,1.0,30.0,1,,120.0,2026-10-02T15:20+01:00
UK Padel Holmer Green,local,Coaching,Tactical Clinic - Coached Matchplay,2026-10-02,17:00,60,3,4,0.75,30.0,1,,90.0,2026-10-02T15:20+01:00
UK Padel Holmer Green,local,Coaching,Performance Coaching Squad,2026-10-02,18:00,90,4,4,1.0,42.5,1,,170.0,2026-10-02T17:19+01:00
UK Padel Holmer Green,local,Coaching,Performance Coaching Squad,2026-10-02,19:30,90,0,4,0.0,42.5,1,,0.0,2026-10-01T11:20+01:00
UK Padel Holmer Green,local,Coaching,Group Coaching,2026-10-03,12:00,60,1,4,0.25,30.0,1,,30.0,2026-10-02T07:23+01:00
UK Padel Holmer Green,local,Coaching,Private Coaching,2026-10-03,14:00,60,1,1,1.0,125.0,1,,125.0,2026-10-03T03:19+01:00
UK Padel Holmer Green,local,Coaching,Private Coaching,2026-10-03,16:00,60,0,1,0.0,125.0,1,,0.0,2026-10-02T21:17+01:00
UK Padel Holmer Green,local,Coaching,Private Coaching,2026-10-03,17:30,60,1,1,1.0,125.0,1,,125.0,2026-10-03T03:19+01:00
UK Padel Holmer Green,local,Coaching,Private Coaching,2026-10-03,18:30,60,0,1,0.0,125.0,1,,0.0,2026-10-03T03:19+01:00
UK Padel Holmer Green,local,Coaching,Technical Clinic - Defend,2026-10-05,08:00,60,4,4,1.0,30.0,1,,120.0,2026-10-03T03:19+01:00
UK Padel Holmer Green,local,Coaching,Technical Clinic - Attack,2026-10-05,09:00,60,4,4,1.0,30.0,1,,120.0,2026-10-03T03:19+01:00
UK Padel Holmer Green,local,Club event,Beginners Mix-In,2026-10-05,10:00,60,7,8,0.875,8.75,2,,61.25,2026-10-03T03:19+01:00
UK Padel Holmer Green,local,Club event,Beginners Padel,2026-10-05,10:00,60,5,6,0.8333,12.5,2,,62.5,2026-10-02T19:23+01:00
UK Padel Holmer Green,local,Coaching,Group Coaching & Match,2026-10-05,16:00,90,3,4,0.75,40.0,1,,120.0,2026-10-03T03:19+01:00
UK Padel Holmer Green,local,Coaching,Junior Academy (Under 12),2026-10-05,17:30,60,15,11,1.3636,14.0,3,,210.0,2026-10-03T03:19+01:00
UK Padel Holmer Green,local,Coaching,Technical Clinic: Overheads,2026-10-05,18:30,60,4,4,1.0,30.0,1,,120.0,2026-10-03T03:19+01:00
UK Padel Holmer Green,local,Coaching,Tactical Clinic: Coached Matchplay,2026-10-05,19:30,60,4,4,1.0,30.0,1,,120.0,2026-10-03T03:19+01:00
UK Padel Holmer Green,local,Coaching,Group Coaching & Match,2026-10-05,20:30,90,3,4,0.75,40.0,1,,120.0,2026-10-03T03:19+01:00
UK Padel Holmer Green,local,Coaching,Technical Clinic,2026-10-06,14:30,60,2,4,0.5,30.0,1,,60.0,2026-10-03T03:19+01:00
UK Padel Holmer Green,local,Coaching,Tactical Clinic - Coached Matchplay,2026-10-06,15:30,60,1,4,0.25,30.0,1,,30.0,2026-10-03T03:19+01:00
UK Padel Holmer Green,local,Coaching,Junior Academy (U12),2026-10-06,16:30,60,4,4,1.0,15.0,1,,60.0,2026-10-03T03:19+01:00
UK Padel Holmer Green,local,Coaching,Junior Academy (U16),2026-10-06,17:30,60,4,4,1.0,15.0,1,,60.0,2026-10-03T03:19+01:00
UK Padel Holmer Green,local,Club event,Club Night,2026-10-07,17:30,90,10,12,0.8333,17.5,3,,175.0,2026-10-03T03:19+01:00
UK Padel Holmer Green,local,Club event,Club Night,2026-10-07,20:30,90,11,12,0.9167,17.5,3,,192.5,2026-10-03T03:19+01:00
UK Padel Holmer Green,local,Coaching,Private Coaching,2026-10-08,08:00,60,1,1,1.0,125.0,1,,125.0,2026-10-03T03:19+01:00
UK Padel Holmer Green,local,Coaching,Private Coaching,2026-10-08,09:00,60,1,1,1.0,125.0,1,,125.0,2026-10-03T03:19+01:00
UK Padel Holmer Green,local,Coaching,Private Coaching,2026-10-08,10:00,60,1,1,1.0,125.0,1,,125.0,2026-10-03T03:19+01:00
UK Padel Holmer Green,local,Club event,Beginners Padel,2026-10-08,12:00,60,5,8,0.625,12.5,2,,62.5,2026-10-03T03:19+01:00
UK Padel Holmer Green,local,Coaching,Junior Academy (U16),2026-10-08,17:30,60,8,7,1.1429,15.0,2,,120.0,2026-10-03T03:19+01:00
UK Padel Holmer Green,local,Coaching,Technical Clinic - Attack,2026-10-09,15:00,60,0,4,0.0,30.0,1,,0.0,2026-10-03T03:19+01:00
UK Padel Holmer Green,local,Coaching,Technical Clinic - Defend,2026-10-09,16:00,60,1,4,0.25,30.0,1,,30.0,2026-10-03T03:19+01:00
UK Padel Holmer Green,local,Coaching,Tactical Clinic - Coached Matchplay,2026-10-09,17:00,60,0,4,0.0,30.0,1,,0.0,2026-10-03T03:19+01:00
UK Padel Holmer Green,local,Coaching,Performance Coaching Squad,2026-10-09,18:00,90,4,4,1.0,42.5,1,,170.0,2026-10-03T03:19+01:00
UK Padel Holmer Green,local,Coaching,Women's Performance Coaching Squad,2026-10-09,19:30,90,1,4,0.25,42.5,1,,42.5,2026-10-03T03:19+01:00
UK Padel Holmer Green,local,Coaching,Group Coaching,2026-10-10,12:00,60,1,4,0.25,30.0,1,,30.0,2026-10-03T03:19+01:00
UK Padel Holmer Green,local,Coaching,Private Coaching,2026-10-10,14:00,60,1,1,1.0,125.0,1,,125.0,2026-10-03T03:19+01:00
UK Padel Holmer Green,local,Coaching,Private Coaching,2026-10-10,14:00,60,0,1,0.0,125.0,1,,0.0,2026-10-03T03:19+01:00
UK Padel Holmer Green,local,Coaching,Private Coaching,2026-10-10,15:00,60,1,1,1.0,125.0,1,,125.0,2026-10-03T03:19+01:00
UK Padel Holmer Green,local,Coaching,Private Coaching,2026-10-10,16:00,60,1,1,1.0,125.0,1,,125.0,2026-10-03T03:19+01:00
UK Padel Holmer Green,local,Coaching,Technical Clinic - Defend,2026-10-12,08:00,60,3,4,0.75,30.0,1,,90.0,2026-10-03T03:19+01:00
UK Padel Holmer Green,local,Coaching,Technical Clinic - Attack,2026-10-12,09:00,60,4,4,1.0,30.0,1,,120.0,2026-10-03T03:19+01:00
UK Padel Holmer Green,local,Club event,Beginners Padel,2026-10-12,10:00,60,3,6,0.5,12.5,2,,37.5,2026-10-03T03:19+01:00
UK Padel Holmer Green,local,Coaching,Group Coaching & Match,2026-10-12,16:00,90,3,4,0.75,40.0,1,,120.0,2026-10-03T03:19+01:00
UK Padel Holmer Green,local,Coaching,Junior Academy (Under 12),2026-10-12,17:30,60,15,11,1.3636,14.0,3,,210.0,2026-10-03T03:19+01:00
UK Padel Holmer Green,local,Coaching,Technical Clinic: Overheads,2026-10-12,18:30,60,4,4,1.0,30.0,1,,120.0,2026-10-03T03:19+01:00
UK Padel Holmer Green,local,Coaching,Tactical Clinic: Coached Matchplay,2026-10-12,19:30,60,4,4,1.0,30.0,1,,120.0,2026-10-03T03:19+01:00
UK Padel Holmer Green,local,Coaching,Group Coaching & Match,2026-10-12,20:30,90,0,4,0.0,40.0,1,,0.0,2026-10-03T03:19+01:00
UK Padel Holmer Green,local,Coaching,Technical Clinic,2026-10-13,14:30,60,0,4,0.0,30.0,1,,0.0,2026-10-03T03:19+01:00
UK Padel Holmer Green,local,Coaching,Tactical Clinic - Coached Matchplay,2026-10-13,15:30,60,2,4,0.5,30.0,1,,60.0,2026-10-03T03:19+01:00
UK Padel Holmer Green,local,Coaching,Junior Academy (U12),2026-10-13,16:30,60,4,4,1.0,15.0,1,,60.0,2026-10-03T03:19+01:00
UK Padel Holmer Green,local,Coaching,Junior Academy (U16),2026-10-13,17:30,60,4,4,1.0,15.0,1,,60.0,2026-10-03T03:19+01:00
UK Padel Holmer Green,local,Club event,Beginners Mix-In,2026-10-14,10:00,60,6,8,0.75,8.75,2,,52.5,2026-10-03T03:19+01:00
UK Padel Holmer Green,local,Club event,Club Night,2026-10-14,20:30,90,7,12,0.5833,17.5,3,,122.5,2026-10-03T03:19+01:00
UK Padel Holmer Green,local,Coaching,Private Coaching,2026-10-15,08:00,60,0,1,0.0,125.0,1,,0.0,2026-10-03T03:19+01:00
UK Padel Holmer Green,local,Coaching,Private Coaching,2026-10-15,09:00,60,1,1,1.0,125.0,1,,125.0,2026-10-03T03:19+01:00
UK Padel Holmer Green,local,Coaching,Private Coaching,2026-10-15,10:00,60,0,1,0.0,125.0,1,,0.0,2026-10-03T03:19+01:00
UK Padel Holmer Green,local,Coaching,Junior Academy (U16),2026-10-15,17:30,60,8,7,1.1429,15.0,2,,120.0,2026-10-03T03:19+01:00
UK Padel Holmer Green,local,Coaching,Technical Clinic - Attack,2026-10-16,15:00,60,1,4,0.25,30.0,1,,30.0,2026-10-03T03:19+01:00
UK Padel Holmer Green,local,Coaching,Technical Clinic - Defend,2026-10-16,16:00,60,2,4,0.5,30.0,1,,60.0,2026-10-03T03:19+01:00
UK Padel Holmer Green,local,Coaching,Tactical Clinic - Coached Matchplay,2026-10-16,17:00,60,1,4,0.25,30.0,1,,30.0,2026-10-03T03:19+01:00
UK Padel Holmer Green,local,Coaching,Performance Coaching Squad,2026-10-16,18:00,90,3,4,0.75,42.5,1,,127.5,2026-10-03T03:19+01:00
UK Padel Holmer Green,local,Coaching,Women's Performance Coaching Squad,2026-10-16,19:30,90,1,4,0.25,42.5,1,,42.5,2026-10-03T03:19+01:00
UK Padel Holmer Green,local,Coaching,Group Coaching,2026-10-17,12:00,60,0,4,0.0,30.0,1,,0.0,2026-10-03T03:19+01:00
UK Padel Holmer Green,local,Club event,Beginners Padel,2026-10-17,13:00,60,3,6,0.5,12.5,2,,37.5,2026-10-03T03:19+01:00
UK Padel Holmer Green,local,Coaching,Private Coaching,2026-10-17,14:00,60,0,1,0.0,125.0,1,,0.0,2026-10-03T03:19+01:00
UK Padel Holmer Green,local,Coaching,Private Coaching,2026-10-17,14:00,60,0,1,0.0,125.0,1,,0.0,2026-10-03T03:19+01:00
UK Padel Holmer Green,local,Coaching,Private Coaching,2026-10-17,15:00,60,0,1,0.0,125.0,1,,0.0,2026-10-03T03:19+01:00
UK Padel Holmer Green,local,Coaching,Private Coaching,2026-10-17,16:00,60,0,1,0.0,125.0,1,,0.0,2026-10-03T03:19+01:00
UK Padel Stoke Poges,local,Coaching,Group Coaching & Match,2026-09-30,16:30,90,4,4,1.0,40.0,1,,160.0,2026-09-30T15:22+01:00
UK Padel Stoke Poges,local,Coaching,Group Coaching & Match,2026-09-30,18:00,90,2,4,0.5,40.0,1,,80.0,2026-09-30T17:22+01:00
UK Padel Stoke Poges,local,Club event,Beginners Padel,2026-10-01,09:00,60,3,4,0.75,12.5,1,,37.5,2026-10-01T07:25+01:00
UK Padel Stoke Poges,local,Coaching,The 1000+ Squad,2026-10-01,10:00,90,8,8,1.0,20.0,2,,160.0,2026-10-01T09:21+01:00
UK Padel Stoke Poges,local,Club event,Improvers Padel,2026-10-01,11:30,90,5,8,0.625,15.0,2,,75.0,2026-10-01T11:20+01:00
UK Padel Stoke Poges,local,Coaching,The 1000+ Squad,2026-10-01,18:30,90,5,8,0.625,20.0,2,,100.0,2026-10-01T17:19+01:00
UK Padel Stoke Poges,local,Coaching,The 1000+ Squad,2026-10-02,11:30,90,3,4,0.75,20.0,1,,60.0,2026-10-02T11:18+01:00
UK Padel Stoke Poges,local,Coaching,Private Coaching,2026-10-03,08:00,60,0,1,0.0,125.0,1,,0.0,2026-10-02T07:23+01:00
UK Padel Stoke Poges,local,Coaching,Junior Coaching (11 - 16years),2026-10-03,09:00,60,2,4,0.5,30.0,1,,60.0,2026-10-03T03:19+01:00
UK Padel Stoke Poges,local,Coaching,Group Coaching & Match,2026-10-03,10:00,90,1,4,0.25,40.0,1,,40.0,2026-10-03T03:19+01:00
UK Padel Stoke Poges,local,Club event,Beginners Mix-In,2026-10-03,12:00,60,2,4,0.5,12.5,1,,25.0,2026-10-01T09:21+01:00
UK Padel Stoke Poges,local,Club event,Beginners Padel,2026-10-04,09:00,60,2,4,0.5,12.5,1,,25.0,2026-10-01T17:19+01:00
UK Padel Stoke Poges,local,Club event,Improvers Padel,2026-10-04,10:00,60,2,4,0.5,18.75,1,,37.5,2026-10-01T17:19+01:00
UK Padel Stoke Poges,local,Coaching,Technical Clinic: Volleys,2026-10-04,11:00,60,4,4,1.0,20.0,1,,80.0,2026-10-01T17:19+01:00
UK Padel Stoke Poges,local,Club event,Beginners Padel,2026-10-05,12:30,60,6,8,0.75,12.5,2,,75.0,2026-10-03T03:19+01:00
UK Padel Stoke Poges,local,Coaching,Group Coaching,2026-10-05,13:30,60,1,4,0.25,32.5,1,,32.5,2026-10-03T03:19+01:00
UK Padel Stoke Poges,local,Coaching,Group Coaching,2026-10-05,14:30,60,2,4,0.5,32.5,1,,65.0,2026-10-03T03:19+01:00
UK Padel Stoke Poges,local,Club event,Improvers Padel,2026-10-06,11:30,90,5,8,0.625,15.0,2,,75.0,2026-10-03T03:19+01:00
UK Padel Stoke Poges,local,Club event,Club Night,2026-10-06,17:00,90,7,8,0.875,15.0,2,,105.0,2026-10-02T19:23+01:00
UK Padel Stoke Poges,local,Coaching,Private Coaching,2026-10-07,15:30,60,1,1,1.0,125.0,1,,125.0,2026-10-03T03:19+01:00
UK Padel Stoke Poges,local,Coaching,Group Coaching & Match,2026-10-07,16:30,90,1,4,0.25,40.0,1,,40.0,2026-10-03T03:19+01:00
UK Padel Stoke Poges,local,Coaching,Group Coaching & Match,2026-10-07,18:00,90,1,4,0.25,40.0,1,,40.0,2026-10-03T03:19+01:00
UK Padel Stoke Poges,local,Club event,Beginners Padel,2026-10-08,09:00,60,1,4,0.25,12.5,1,,12.5,2026-10-03T03:19+01:00
UK Padel Stoke Poges,local,Coaching,The 1000+ Squad,2026-10-08,10:00,90,7,8,0.875,20.0,2,,140.0,2026-10-03T03:19+01:00
UK Padel Stoke Poges,local,Club event,Improvers Padel,2026-10-08,11:30,90,4,8,0.5,15.0,2,,60.0,2026-10-03T03:19+01:00
UK Padel Stoke Poges,local,Coaching,The 1000+ Squad,2026-10-08,18:30,90,6,8,0.75,20.0,2,,120.0,2026-10-03T03:19+01:00
UK Padel Stoke Poges,local,Coaching,The 1000+ Squad,2026-10-09,11:30,90,2,8,0.25,20.0,2,,40.0,2026-10-03T03:19+01:00
UK Padel Stoke Poges,local,Coaching,Private Coaching,2026-10-10,08:00,60,1,1,1.0,125.0,1,,125.0,2026-10-03T03:19+01:00
UK Padel Stoke Poges,local,Coaching,Junior Coaching (11 - 16years),2026-10-10,09:00,60,0,4,0.0,30.0,1,,0.0,2026-10-03T03:19+01:00
UK Padel Stoke Poges,local,Coaching,Group Coaching & Match,2026-10-10,10:00,90,0,4,0.0,40.0,1,,0.0,2026-10-03T03:19+01:00
UK Padel Stoke Poges,local,Club event,Beginners Mix-In,2026-10-10,12:00,60,0,4,0.0,12.5,1,,0.0,2026-10-03T03:19+01:00
UK Padel Stoke Poges,local,Club event,Beginners Padel,2026-10-11,09:00,60,2,8,0.25,12.5,2,,25.0,2026-10-03T03:19+01:00
UK Padel Stoke Poges,local,Club event,Improvers Padel,2026-10-11,10:00,60,2,8,0.25,18.75,2,,37.5,2026-10-03T03:19+01:00
UK Padel Stoke Poges,local,Coaching,Technical Clinic: Volleys,2026-10-11,11:00,60,2,4,0.5,20.0,1,,40.0,2026-10-03T03:19+01:00
UK Padel Stoke Poges,local,Club event,Beginners Padel,2026-10-12,12:30,60,0,8,0.0,12.5,2,,0.0,2026-10-03T03:19+01:00
UK Padel Stoke Poges,local,Coaching,Group Coaching,2026-10-12,13:30,60,1,4,0.25,32.5,1,,32.5,2026-10-03T03:19+01:00
UK Padel Stoke Poges,local,Coaching,Group Coaching,2026-10-12,14:30,60,0,4,0.0,32.5,1,,0.0,2026-10-03T03:19+01:00
UK Padel Stoke Poges,local,Coaching,Private Coaching,2026-10-14,15:30,60,1,1,1.0,125.0,1,,125.0,2026-10-03T03:19+01:00
UK Padel Stoke Poges,local,Coaching,Group Coaching & Match,2026-10-14,16:30,90,1,4,0.25,40.0,1,,40.0,2026-10-03T03:19+01:00
UK Padel Stoke Poges,local,Coaching,Group Coaching & Match,2026-10-14,18:00,90,0,4,0.0,40.0,1,,0.0,2026-10-03T03:19+01:00
UK Padel Stoke Poges,local,Club event,Beginners Padel,2026-10-15,09:00,60,0,4,0.0,12.5,1,,0.0,2026-10-03T03:19+01:00
UK Padel Stoke Poges,local,Coaching,The 1000+ Squad,2026-10-15,10:00,90,8,8,1.0,20.0,2,,160.0,2026-10-03T03:19+01:00
UK Padel Stoke Poges,local,Club event,Improvers Padel,2026-10-15,11:30,90,1,8,0.125,15.0,2,,15.0,2026-10-03T03:19+01:00
UK Padel Stoke Poges,local,Coaching,The 1000+ Squad,2026-10-15,18:30,90,6,8,0.75,20.0,2,,120.0,2026-10-03T03:19+01:00
UK Padel Stoke Poges,local,Coaching,The 1000+ Squad,2026-10-16,11:30,90,0,8,0.0,20.0,2,,0.0,2026-10-03T03:19+01:00
UK Padel Stoke Poges,local,Coaching,Private Coaching,2026-10-17,08:00,60,1,1,1.0,125.0,1,,125.0,2026-10-03T03:19+01:00
UK Padel Stoke Poges,local,Coaching,Junior Coaching (11 - 16years),2026-10-17,09:00,60,0,4,0.0,30.0,1,,0.0,2026-10-03T03:19+01:00
UK Padel Stoke Poges,local,Coaching,Group Coaching & Match,2026-10-17,10:00,90,1,4,0.25,40.0,1,,40.0,2026-10-03T03:19+01:00
UK Padel Stoke Poges,local,Club event,Beginners Mix-In,2026-10-17,12:00,60,0,4,0.0,12.5,1,,0.0,2026-10-03T03:19+01:00
UK Padel Princes Risborough,local,Club event,Over 50's Padel (Open to all including U3A),2026-10-02,09:00,60,7,8,0.875,5.0,2,,35.0,2026-10-02T09:21+01:00
UK Padel Princes Risborough,local,Coaching,Group Coaching,2026-10-03,10:00,60,0,4,0.0,32.5,1,,0.0,2026-10-01T13:25+01:00
UK Padel Princes Risborough,local,Club event,Beginners Padel ,2026-10-03,11:00,60,3,4,0.75,10.0,1,,30.0,2026-10-03T03:19+01:00
UK Padel Princes Risborough,local,Club event,Over 50's Padel (Open to all including U3A),2026-10-05,09:00,60,3,4,0.75,5.0,1,,15.0,2026-10-01T21:19+01:00
UK Padel Princes Risborough,local,Club event,Over 50's Padel (Open to all including U3A),2026-10-05,09:00,60,2,4,0.5,5.0,1,,10.0,2026-10-03T03:19+01:00
UK Padel Princes Risborough,local,Club event,Beginners Padel,2026-10-05,10:00,60,0,8,0.0,10.0,2,,0.0,2026-10-03T03:19+01:00
UK Padel Princes Risborough,local,Club event,Club Mix-In,2026-10-05,20:30,90,3,8,0.375,15.0,2,,45.0,2026-10-03T03:19+01:00
UK Padel Princes Risborough,local,Coaching,Group Coaching & Match,2026-10-06,10:00,90,0,4,0.0,40.0,1,,0.0,2026-10-02T19:23+01:00
UK Padel Princes Risborough,local,Coaching,Group Coaching & Match,2026-10-06,11:30,90,0,4,0.0,40.0,1,,0.0,2026-10-02T19:23+01:00
UK Padel Princes Risborough,local,Club event,Improvers Mix-In,2026-10-06,13:00,90,3,8,0.375,10.0,2,,30.0,2026-10-03T03:19+01:00
UK Padel Princes Risborough,local,Coaching,Group Coaching & Match,2026-10-06,16:00,90,0,4,0.0,40.0,1,,0.0,2026-10-03T03:19+01:00
UK Padel Princes Risborough,local,Coaching,Group Coaching & Match,2026-10-06,17:30,90,0,4,0.0,40.0,1,,0.0,2026-10-03T03:19+01:00
UK Padel Princes Risborough,local,Coaching,Technical Clinic - Attack,2026-10-06,19:00,60,0,4,0.0,30.0,1,,0.0,2026-10-03T03:19+01:00
UK Padel Princes Risborough,local,Coaching,Private Coaching,2026-10-06,20:00,60,0,1,0.0,125.0,1,,0.0,2026-10-03T03:19+01:00
UK Padel Princes Risborough,local,Club event,Improvers Mix-In,2026-10-08,13:00,90,2,8,0.25,10.0,2,,20.0,2026-10-03T03:19+01:00
UK Padel Princes Risborough,local,Club event,Over 50's Padel (Open to all including U3A),2026-10-09,09:00,60,4,8,0.5,5.0,2,,20.0,2026-10-03T03:19+01:00
UK Padel Princes Risborough,local,Club event,Over 50's Padel (Open to all including U3A),2026-10-12,09:00,60,1,4,0.25,5.0,1,,5.0,2026-10-03T03:19+01:00
UK Padel Princes Risborough,local,Club event,Over 50's Padel (Open to all including U3A),2026-10-12,09:00,60,0,4,0.0,5.0,1,,0.0,2026-10-03T03:19+01:00
UK Padel Princes Risborough,local,Club event,Beginners Padel,2026-10-12,10:00,60,1,8,0.125,10.0,2,,10.0,2026-10-03T03:19+01:00
UK Padel Princes Risborough,local,Club event,Club Mix-In,2026-10-12,19:00,90,2,8,0.25,15.0,2,,30.0,2026-10-03T03:19+01:00
UK Padel Princes Risborough,local,Club event,Club Mix-In,2026-10-12,20:30,90,0,8,0.0,15.0,2,,0.0,2026-10-03T03:19+01:00
UK Padel Princes Risborough,local,Coaching,Group Coaching & Match,2026-10-13,10:00,90,0,4,0.0,40.0,1,,0.0,2026-10-03T03:19+01:00
UK Padel Princes Risborough,local,Coaching,Group Coaching & Match,2026-10-13,11:30,90,1,4,0.25,40.0,1,,40.0,2026-10-03T03:19+01:00
UK Padel Princes Risborough,local,Club event,Improvers Mix-In,2026-10-13,13:00,90,1,8,0.125,10.0,2,,10.0,2026-10-03T03:19+01:00
UK Padel Princes Risborough,local,Coaching,Group Coaching & Match,2026-10-13,16:00,90,0,4,0.0,40.0,1,,0.0,2026-10-03T03:19+01:00
UK Padel Princes Risborough,local,Coaching,Group Coaching & Match,2026-10-13,17:30,90,0,4,0.0,40.0,1,,0.0,2026-10-03T03:19+01:00
UK Padel Princes Risborough,local,Coaching,Technical Clinic - Attack,2026-10-13,19:00,60,0,4,0.0,30.0,1,,0.0,2026-10-03T03:19+01:00
UK Padel Princes Risborough,local,Coaching,Private Coaching,2026-10-13,20:00,60,0,1,0.0,125.0,1,,0.0,2026-10-03T03:19+01:00
UK Padel Princes Risborough,local,Club event,Improvers Mix-In,2026-10-15,13:00,90,0,8,0.0,10.0,2,,0.0,2026-10-03T03:19+01:00
UK Padel Princes Risborough,local,Club event,Over 50's Padel (Open to all including U3A),2026-10-16,09:00,60,1,8,0.125,5.0,2,,5.0,2026-10-03T03:19+01:00
Padel at Denham Grove,local,Class,Improver Skill Pill Session with Louis,2026-10-01,09:00,90,0,8,0.0,15.0,2,,0.0,2026-10-01T07:25+01:00
Padel at Denham Grove,local,Class,Intermediate coach led social - Level 2+,2026-10-01,10:30,90,1,8,0.125,15.0,2,,15.0,2026-10-01T09:21+01:00
Padel at Denham Grove,local,Tournament,Morne's Mexicano,2026-10-01,15:00,120,0,7,0.0,20.0,2,,0.0,2026-10-01T11:20+01:00
Padel at Denham Grove,local,Class,Intro to Padel,2026-10-02,09:30,60,6,8,0.75,10.0,2,,60.0,2026-10-02T09:21+01:00
Padel at Denham Grove,local,Class,Padel Progression ,2026-10-02,10:30,60,5,8,0.625,15.0,2,,75.0,2026-10-02T09:21+01:00
Padel at Denham Grove,local,Class,Improver Coach Led Match Play,2026-10-02,11:30,60,0,4,0.0,15.0,1,,0.0,2026-10-02T09:21+01:00
Padel at Denham Grove,local,Class,Levelling Session ,2026-10-02,13:00,60,0,3,0.0,25.0,1,,0.0,2026-10-01T15:21+01:00
Padel at Denham Grove,local,Tournament,Ladies Friyay Fun - Mix In,2026-10-02,14:00,90,4,7,0.5714,15.0,2,,60.0,2026-10-02T11:18+01:00
Padel at Denham Grove,local,Class,Men's Intermediate Coaching,2026-10-05,10:00,90,0,8,0.0,15.0,2,,0.0,2026-10-03T03:19+01:00
Padel at Denham Grove,local,Class,Padel Progression - with Raif,2026-10-05,13:00,60,0,8,0.0,15.0,2,,0.0,2026-10-03T03:19+01:00
Padel at Denham Grove,local,Class,Beginner Coach Led Social,2026-10-05,14:00,60,0,8,0.0,15.0,2,,0.0,2026-10-03T03:19+01:00
Padel at Denham Grove,local,Class,Intro to Padel ,2026-10-05,16:00,60,0,8,0.0,10.0,2,,0.0,2026-10-03T03:19+01:00
Padel at Denham Grove,local,Class,Ladies Improver Social ,2026-10-06,09:30,90,0,8,0.0,15.0,2,,0.0,2026-10-02T23:17+01:00
Padel at Denham Grove,local,Class,Beginner Padel Session with Amy ,2026-10-06,11:30,60,0,8,0.0,15.0,2,,0.0,2026-10-02T23:17+01:00
Padel at Denham Grove,local,Class,Levelling Session ,2026-10-06,15:00,60,0,4,0.0,25.0,1,,0.0,2026-10-02T23:17+01:00
Padel at Denham Grove,local,Class,1-2-1 Coaching Session with Lewis,2026-10-07,10:30,60,0,1,0.0,65.0,1,,0.0,2026-10-02T23:17+01:00
Padel at Denham Grove,local,Class,Beginner Match Play Session,2026-10-07,10:30,90,0,3,0.0,15.0,1,,0.0,2026-10-02T23:17+01:00
Padel at Denham Grove,local,Class,Ladies Level 2 - 3.5 Tactics and Match Play,2026-10-07,12:30,90,1,7,0.1429,18.75,2,,18.75,2026-10-02T23:17+01:00
Padel at Denham Grove,local,Class,Beginner Padel and British Sign Language session,2026-10-07,14:00,60,0,6,0.0,15.0,1,,0.0,2026-10-02T23:17+01:00
Padel at Denham Grove,local,Class,Improver Skill Pill Session with Louis,2026-10-08,09:00,90,0,8,0.0,15.0,2,,0.0,2026-10-02T23:17+01:00
Padel at Denham Grove,local,Class,Intermediate coach led social - Level 2+,2026-10-08,10:30,90,0,8,0.0,15.0,2,,0.0,2026-10-02T23:17+01:00
Padel at Denham Grove,local,Class,Meet the Team ,2026-10-08,12:00,60,1,3,0.3333,0.0,1,,0.0,2026-10-02T23:17+01:00
Padel at Denham Grove,local,Tournament,Morne's Mexicano,2026-10-08,15:00,120,0,7,0.0,25.0,2,,0.0,2026-10-03T03:19+01:00
Padel at Denham Grove,local,Class,Intro to Padel,2026-10-09,09:30,60,1,8,0.125,10.0,2,,10.0,2026-10-02T23:17+01:00
Padel at Denham Grove,local,Class,Improver Coach Led Match Play,2026-10-09,11:30,60,0,4,0.0,15.0,1,,0.0,2026-10-02T23:17+01:00
Padel at Denham Grove,local,Class,Levelling Session ,2026-10-09,13:00,60,0,3,0.0,25.0,1,,0.0,2026-10-02T23:17+01:00
Padel at Denham Grove,local,Tournament,Ladies Friyay Fun - Mix In,2026-10-09,14:00,90,3,7,0.4286,15.0,2,,45.0,2026-10-03T03:19+01:00
Padel at Denham Grove,local,Class,Men's Intermediate Coaching,2026-10-12,10:00,90,0,8,0.0,15.0,2,,0.0,2026-10-02T23:17+01:00
Padel at Denham Grove,local,Class,Padel Progression - with Raif,2026-10-12,13:00,60,0,8,0.0,15.0,2,,0.0,2026-10-02T23:17+01:00
Padel at Denham Grove,local,Class,Beginner Coach Led Social,2026-10-12,14:00,60,0,8,0.0,15.0,2,,0.0,2026-10-02T23:17+01:00
Padel at Denham Grove,local,Class,Intro to Padel ,2026-10-12,16:00,60,0,8,0.0,10.0,2,,0.0,2026-10-02T23:17+01:00
Padel at Denham Grove,local,Tournament,Monday Night Hit and Mix,2026-10-12,19:00,90,0,8,0.0,12.5,2,,0.0,2026-10-03T03:19+01:00
Padel at Denham Grove,local,Class,Ladies Improver Social ,2026-10-13,09:30,90,0,8,0.0,15.0,2,,0.0,2026-10-02T23:17+01:00
Padel at Denham Grove,local,Class,Beginner Padel Session with Amy ,2026-10-13,11:30,60,0,8,0.0,15.0,2,,0.0,2026-10-02T23:17+01:00
Padel at Denham Grove,local,Class,Levelling Session ,2026-10-13,15:00,60,2,4,0.5,25.0,1,,50.0,2026-10-02T23:17+01:00
Padel at Denham Grove,local,Class,Padel Progression - with Lewis,2026-10-14,09:30,60,0,8,0.0,15.0,2,,0.0,2026-10-02T23:17+01:00
Padel at Denham Grove,local,Class,Beginner Match Play Session,2026-10-14,10:30,90,0,3,0.0,15.0,1,,0.0,2026-10-02T23:17+01:00
Padel at Denham Grove,local,Class,1-2-1 Coaching Session with Lewis,2026-10-14,10:30,60,0,1,0.0,65.0,1,,0.0,2026-10-02T23:17+01:00
Padel at Denham Grove,local,Class,Ladies Level 2 - 3.5 Tactics and Match Play,2026-10-14,12:30,90,0,7,0.0,18.75,2,,0.0,2026-10-02T23:17+01:00
Padel at Denham Grove,local,Class,Beginner Padel and British Sign Language session,2026-10-14,14:00,60,0,8,0.0,15.0,2,,0.0,2026-10-02T23:17+01:00
Padel at Denham Grove,local,Class,Improver Skill Pill Session with Louis,2026-10-15,09:00,90,0,8,0.0,15.0,2,,0.0,2026-10-02T23:17+01:00
Padel at Denham Grove,local,Class,Intermediate coach led social - Level 2+,2026-10-15,10:30,90,0,8,0.0,15.0,2,,0.0,2026-10-02T23:17+01:00
Padel at Denham Grove,local,Class,Meet the Team ,2026-10-15,12:00,60,0,3,0.0,0.0,1,,0.0,2026-10-02T23:17+01:00
Padel at Denham Grove,local,Class,Intro to Padel,2026-10-16,09:30,60,0,8,0.0,10.0,2,,0.0,2026-10-02T23:17+01:00
Padel at Denham Grove,local,Class,Improver Coach Led Match Play,2026-10-16,11:30,60,0,4,0.0,15.0,1,,0.0,2026-10-02T23:17+01:00
Padel at Denham Grove,local,Class,Levelling Session ,2026-10-16,13:00,60,0,3,0.0,25.0,1,,0.0,2026-10-02T23:17+01:00
Padel at Denham Grove,local,Tournament,Ladies Friyay Fun - Mix In,2026-10-16,14:00,90,1,7,0.1429,15.0,2,,15.0,2026-10-02T17:19+01:00
Padel at Denham Grove,local,Class,Men's Intermediate Coaching,2026-10-19,10:00,90,0,8,0.0,15.0,2,,0.0,2026-10-02T23:17+01:00
Padel at Denham Grove,local,Class,Padel Progression - with Raif,2026-10-19,13:00,60,0,8,0.0,15.0,2,,0.0,2026-10-02T23:17+01:00
Padel at Denham Grove,local,Class,Beginner Coach Led Social,2026-10-19,14:00,60,0,8,0.0,15.0,2,,0.0,2026-10-02T23:17+01:00
Padel at Denham Grove,local,Class,Levelling Session ,2026-10-19,15:00,60,0,4,0.0,25.0,1,,0.0,2026-10-02T23:17+01:00
Padel at Denham Grove,local,Class,Padel Progression - with Lewis,2026-10-19,16:00,90,0,8,0.0,10.0,2,,0.0,2026-10-03T03:19+01:00
Padel at Denham Grove,local,Class,Intro to Padel ,2026-10-19,16:00,60,0,8,0.0,10.0,2,,0.0,2026-10-02T23:17+01:00
Padel at Denham Grove,local,Tournament,Monday Night Hit and Mix,2026-10-19,19:00,90,0,8,0.0,12.5,2,,0.0,2026-10-02T17:19+01:00
Padel at Denham Grove,local,Class,Ladies Improver Social ,2026-10-20,09:30,90,0,8,0.0,15.0,2,,0.0,2026-10-02T23:17+01:00
Padel at Denham Grove,local,Class,Beginner Padel Session with Amy ,2026-10-20,11:30,60,0,8,0.0,15.0,2,,0.0,2026-10-02T23:17+01:00
Padel at Denham Grove,local,Class,Levelling Session ,2026-10-20,15:00,60,0,4,0.0,25.0,1,,0.0,2026-10-03T03:19+01:00
Padel at Denham Grove,local,Class,Levelling Session ,2026-10-20,15:00,60,0,4,0.0,25.0,1,,0.0,2026-10-02T23:17+01:00
Padel at Denham Grove,local,Class,Padel Progression - with Lewis,2026-10-21,09:30,60,0,8,0.0,15.0,2,,0.0,2026-10-02T23:17+01:00
Padel at Denham Grove,local,Class,Beginner Match Play Session,2026-10-21,10:30,90,0,3,0.0,15.0,1,,0.0,2026-10-02T23:17+01:00
Padel at Denham Grove,local,Class,1-2-1 Coaching Session with Lewis,2026-10-21,10:30,60,0,1,0.0,65.0,1,,0.0,2026-10-02T23:17+01:00
Padel at Denham Grove,local,Class,Ladies Level 2 - 3.5 Tactics and Match Play,2026-10-21,12:30,90,0,7,0.0,18.75,2,,0.0,2026-10-02T23:17+01:00
Padel at Denham Grove,local,Class,Beginner Padel and British Sign Language session,2026-10-21,14:00,60,0,8,0.0,15.0,2,,0.0,2026-10-02T23:17+01:00
Padel at Denham Grove,local,Tournament,Ladies Friyay Fun - Mix In,2026-10-23,14:00,90,0,7,0.0,15.0,2,,0.0,2026-10-02T17:19+01:00
Padel at Denham Grove,local,Tournament,Monday Night Hit and Mix,2026-10-26,19:00,90,0,8,0.0,12.5,2,,0.0,2026-10-02T17:19+01:00
Padel at Denham Grove,local,Tournament,Ladies Friyay Fun - Mix In,2026-10-30,14:00,90,0,7,0.0,15.0,2,,0.0,2026-10-02T17:19+01:00
Padel at Denham Grove,local,Tournament,Ladies Friyay Fun - Mix In,2026-11-06,14:00,90,0,7,0.0,15.0,2,,0.0,2026-10-02T17:19+01:00
Padel at Denham Grove,local,Tournament,Ladies Friyay Fun - Mix In,2026-11-13,14:00,90,0,7,0.0,15.0,2,,0.0,2026-10-02T17:19+01:00
Padel at Denham Grove,local,Tournament,Ladies Friyay Fun - Mix In,2026-11-20,14:00,90,0,7,0.0,15.0,2,,0.0,2026-10-02T17:19+01:00
Padel at Denham Grove,local,Tournament,Ladies Friyay Fun - Mix In,2026-11-27,14:00,90,0,7,0.0,15.0,2,,0.0,2026-10-02T17:19+01:00
Padel at Denham Grove,local,Tournament,Monday Night Hit and Mix,2026-11-27,14:00,90,0,7,0.0,15.0,2,,0.0,2026-10-03T03:19+01:00
Lacey Green & Loosley Row,local,Class,Beginners/Improvers Drills,2026-10-01,18:30,60,5,6,0.8333,14.0,1,,70.0,2026-10-01T17:19+01:00
Lacey Green & Loosley Row,local,Class,Intermediate Drills (not suitable for beginners),2026-10-05,17:00,60,0,6,0.0,14.0,1,,0.0,2026-10-03T03:19+01:00
Lacey Green & Loosley Row,local,Class,Intermediate Drills (not suitable for beginners),2026-10-12,17:00,60,0,6,0.0,14.0,1,,0.0,2026-10-03T03:19+01:00
Rulo Clubs Chesham,local,Class,Beginner's Coaching,2026-09-30,17:30,60,2,4,0.5,25.0,1,,50.0,2026-09-30T17:22+01:00
Rulo Clubs Chesham,local,Class,Intro to Padel - Part 2,2026-10-04,12:00,60,3,4,0.75,15.0,1,,45.0,2026-10-03T03:19+01:00
Rulo Clubs Chesham,local,Class,1-2-1 Lesson ,2026-10-04,13:00,60,0,1,0.0,90.0,1,,0.0,2026-10-03T03:19+01:00
Rulo Clubs Chesham,local,Class,Beginners Coaching - Volleys & Overheads,2026-10-04,14:30,60,3,4,0.75,25.0,1,,75.0,2026-10-01T13:25+01:00
Rulo Clubs Chesham,local,Class,Beginner Mix-In,2026-10-04,15:30,90,2,8,0.25,25.0,2,,50.0,2026-10-03T03:19+01:00
Rulo Clubs Chesham,local,Class,Intermediate's Coaching,2026-10-06,15:00,60,0,4,0.0,25.0,1,,0.0,2026-10-02T19:23+01:00
Rulo Clubs Chesham,local,Class,Playtomic Levelling,2026-10-06,16:30,60,2,3,0.6667,20.0,1,,40.0,2026-10-02T13:23+01:00
Rulo Clubs Chesham,local,Class,Beginner's Coaching,2026-10-06,17:30,60,2,4,0.5,25.0,1,,50.0,2026-10-02T19:23+01:00
Rulo Clubs Chesham,local,Class,Private Session - 2to1 Pt 2,2026-10-07,14:00,60,1,4,0.25,90.0,1,,90.0,2026-10-02T19:23+01:00
Rulo Clubs Chesham,local,Class,Masterclass,2026-10-07,15:00,60,2,4,0.5,30.0,1,,60.0,2026-10-02T19:23+01:00
Rulo Clubs Chesham,local,Class,Tactical Play,2026-10-07,16:00,60,2,4,0.5,30.0,1,,60.0,2026-10-02T19:23+01:00
Rulo Clubs Chesham,local,Class,Beginner's Coaching,2026-10-07,17:30,60,1,4,0.25,25.0,1,,25.0,2026-10-02T19:23+01:00
Rulo Clubs Chesham,local,Tournament,Women's Only Padel & Coffee,2026-10-08,09:30,90,2,6,0.3333,10.0,2,,20.0,2026-10-03T03:19+01:00
Rulo Clubs Chesham,local,Class,Women's Only Session,2026-10-08,14:00,60,0,6,0.0,17.5,1,,0.0,2026-10-02T19:23+01:00
Rulo Clubs Chesham,local,Class,Intro to Padel,2026-10-08,15:00,60,2,6,0.3333,15.0,1,,30.0,2026-10-02T19:23+01:00
Rulo Clubs Chesham,local,Class,Advanced 3+ Session,2026-10-08,16:00,60,0,4,0.0,25.0,1,,0.0,2026-10-02T19:23+01:00
Rulo Clubs Chesham,local,Class,Intro to Padel,2026-10-10,09:00,60,1,6,0.1667,15.0,1,,15.0,2026-10-02T19:23+01:00
Rulo Clubs Chesham,local,Class,Intermediate Coaching,2026-10-10,10:00,60,0,4,0.0,25.0,1,,0.0,2026-10-02T19:23+01:00
Rulo Clubs Chesham,local,Class,Masterclass,2026-10-10,11:00,60,2,4,0.5,30.0,1,,60.0,2026-10-02T19:23+01:00
Rulo Clubs Chesham,local,Class,1-2-1 Lesson ,2026-10-11,10:00,60,0,1,0.0,90.0,1,,0.0,2026-10-02T19:23+01:00
Rulo Clubs Chesham,local,Class,Intro to Padel,2026-10-11,11:00,60,0,6,0.0,15.0,1,,0.0,2026-10-02T19:23+01:00
Rulo Clubs Chesham,local,Class,Intro to Padel - Part 2,2026-10-11,12:00,60,0,4,0.0,15.0,1,,0.0,2026-10-02T19:23+01:00
Rulo Clubs Chesham,local,Class,Beginner Mix-In,2026-10-11,13:00,90,2,8,0.25,25.0,2,,50.0,2026-10-02T19:23+01:00
Rulo Clubs Chesham,local,Class,Beginners Coaching - Lobs,2026-10-11,14:30,60,2,4,0.5,25.0,1,,50.0,2026-10-02T19:23+01:00
Rulo Clubs Chesham,local,Class,Improver Mix-In,2026-10-11,15:30,90,0,8,0.0,25.0,2,,0.0,2026-10-02T19:23+01:00
Rulo Clubs Chesham,local,Class,Intro to Padel,2026-10-13,14:00,60,0,6,0.0,15.0,1,,0.0,2026-10-02T19:23+01:00
Rulo Clubs Chesham,local,Class,Intermediate's Coaching,2026-10-13,15:00,60,0,4,0.0,25.0,1,,0.0,2026-10-02T19:23+01:00
Rulo Clubs Chesham,local,Class,Masterclass,2026-10-13,16:30,60,2,3,0.6667,30.0,1,,60.0,2026-10-02T19:23+01:00
Rulo Clubs Chesham,local,Class,Beginner's Coaching,2026-10-13,17:30,60,2,4,0.5,25.0,1,,50.0,2026-10-02T19:23+01:00
Rulo Clubs Chesham,local,Tournament,Tuesday Evening Americano,2026-10-13,18:30,90,0,8,0.0,25.0,2,,0.0,2026-10-03T03:19+01:00
Rulo Clubs Chesham,local,Class,Beginner's Coaching,2026-10-14,14:00,60,0,4,0.0,25.0,1,,0.0,2026-10-02T19:23+01:00
Rulo Clubs Chesham,local,Class,Masterclass,2026-10-14,15:00,60,0,4,0.0,30.0,1,,0.0,2026-10-02T19:23+01:00
Rulo Clubs Chesham,local,Class,Tactical Play,2026-10-14,16:00,60,0,4,0.0,30.0,1,,0.0,2026-10-02T19:23+01:00
Rulo Clubs Chesham,local,Class,Beginner's Coaching,2026-10-14,17:30,60,0,4,0.0,25.0,1,,0.0,2026-10-02T19:23+01:00
Rulo Clubs Chesham,local,Tournament,Women's Only Padel & Coffee,2026-10-15,09:30,90,0,6,0.0,10.0,2,,0.0,2026-10-03T03:19+01:00
Rulo Clubs Chesham,local,Class,Women's Only Session,2026-10-15,14:00,60,0,6,0.0,17.5,1,,0.0,2026-10-02T19:23+01:00
Rulo Clubs Chesham,local,Class,Intro to Padel,2026-10-15,15:00,60,0,6,0.0,15.0,1,,0.0,2026-10-02T19:23+01:00
Rulo Clubs Chesham,local,Class,Advanced 3+ Session,2026-10-15,16:00,60,0,4,0.0,25.0,1,,0.0,2026-10-02T19:23+01:00
Rulo Clubs Chesham,local,Class,Intro to Padel,2026-10-17,09:00,60,0,6,0.0,15.0,1,,0.0,2026-10-02T19:23+01:00
Rulo Clubs Chesham,local,Class,Intermediate Coaching,2026-10-17,10:00,60,0,4,0.0,25.0,1,,0.0,2026-10-02T19:23+01:00
Rulo Clubs Chesham,local,Class,Masterclass,2026-10-17,11:00,60,0,4,0.0,30.0,1,,0.0,2026-10-02T19:23+01:00
Rulo Clubs Chesham,local,Class,1-2-1 Lesson ,2026-10-17,12:30,60,0,1,0.0,90.0,1,,0.0,2026-10-02T19:23+01:00
Rulo Clubs Chesham,local,Class,Intro to Padel - Part 2,2026-10-17,13:30,60,0,4,0.0,15.0,1,,0.0,2026-10-02T19:23+01:00
Rulo Clubs Chesham,local,Class,Beginners Coaching - Master the Glass,2026-10-17,14:30,60,1,4,0.25,25.0,1,,25.0,2026-10-02T19:23+01:00
Rulo Clubs Chesham,local,Class,1-2-1 Lesson ,2026-10-17,15:30,60,0,1,0.0,90.0,1,,0.0,2026-10-02T19:23+01:00
Rulo Clubs Chesham,local,Class,Intro to Padel,2026-10-17,15:30,60,0,1,0.0,90.0,1,,0.0,2026-10-03T01:24+01:00
Rulo Clubs Chesham,local,Tournament,Padelathon - Charity Americano,2026-10-17,17:30,90,0,8,0.0,10.0,2,,0.0,2026-10-02T11:18+01:00
Rulo Clubs Chesham,local,Tournament,Padelathon - Charity Americano,2026-10-17,19:00,90,0,8,0.0,10.0,2,,0.0,2026-10-02T11:18+01:00
Rulo Clubs Chesham,local,Class,Intermediate's Coaching,2026-10-20,15:00,60,0,4,0.0,25.0,1,,0.0,2026-10-02T19:23+01:00
Rulo Clubs Chesham,local,Class,Masterclass,2026-10-20,16:30,60,0,3,0.0,30.0,1,,0.0,2026-10-02T19:23+01:00
Rulo Clubs Chesham,local,Class,Beginner's Coaching,2026-10-20,17:30,60,0,4,0.0,25.0,1,,0.0,2026-10-02T19:23+01:00
Rulo Clubs Chesham,local,Tournament,Tuesday Evening Americano,2026-10-20,18:30,90,0,8,0.0,25.0,2,,0.0,2026-10-02T11:18+01:00
Rulo Clubs Chesham,local,Class,Private Session - 2to1,2026-10-21,14:00,60,1,4,0.25,90.0,1,,90.0,2026-10-02T19:23+01:00
Rulo Clubs Chesham,local,Class,Intro to Padel,2026-10-21,15:00,60,0,4,0.0,30.0,1,,0.0,2026-10-03T03:19+01:00
Rulo Clubs Chesham,local,Class,Masterclass,2026-10-21,15:00,60,0,4,0.0,30.0,1,,0.0,2026-10-02T19:23+01:00
Rulo Clubs Chesham,local,Tournament,Women's Only Padel & Coffee,2026-10-22,09:30,90,1,6,0.1667,10.0,2,,10.0,2026-10-02T11:18+01:00
Rulo Clubs Chesham,local,Tournament,Tuesday Evening Americano,2026-10-27,18:30,90,0,8,0.0,25.0,2,,0.0,2026-10-02T11:18+01:00
Rulo Clubs Chesham,local,Tournament,Women's Only Padel & Coffee,2026-10-29,09:30,90,0,6,0.0,10.0,2,,0.0,2026-10-02T11:18+01:00
Rulo Clubs Chesham,local,Tournament,Tuesday Evening Americano,2026-11-03,18:30,90,0,8,0.0,25.0,2,,0.0,2026-10-02T11:18+01:00
Rulo Clubs Chesham,local,Tournament,Women's Only Padel & Coffee,2026-11-05,09:30,90,0,6,0.0,10.0,2,,0.0,2026-10-02T11:18+01:00
Rulo Clubs Chesham,local,Tournament,Tuesday Evening Americano,2026-11-10,18:30,90,0,8,0.0,25.0,2,,0.0,2026-10-02T11:18+01:00
Rulo Clubs Chesham,local,Tournament,Women's Only Padel & Coffee,2026-11-12,09:30,90,0,6,0.0,10.0,2,,0.0,2026-10-02T11:18+01:00
Rulo Clubs Chesham,local,Tournament,Tuesday Evening Americano,2026-11-17,18:30,90,0,8,0.0,25.0,2,,0.0,2026-10-02T11:18+01:00
Rulo Clubs Chesham,local,Tournament,Women's Only Padel & Coffee,2026-11-19,09:30,90,0,6,0.0,10.0,2,,0.0,2026-10-02T11:18+01:00
Rulo Clubs Chesham,local,Tournament,Tuesday Evening Americano,2026-11-24,18:30,90,0,8,0.0,25.0,2,,0.0,2026-10-02T11:18+01:00
Rulo Clubs Chesham,local,Tournament,Women's Only Padel & Coffee,2026-11-26,09:30,90,0,6,0.0,10.0,2,,0.0,2026-10-02T11:18+01:00
Rulo Clubs Chesham,local,Tournament,Tuesday Evening Americano,2026-12-01,18:30,90,0,8,0.0,25.0,2,,0.0,2026-10-02T11:18+01:00
Rulo Clubs Chesham,local,Tournament,Women's Only Padel & Coffee,2026-12-03,09:30,90,0,6,0.0,10.0,2,,0.0,2026-10-02T11:18+01:00
Rulo Clubs Chesham,local,Tournament,Tuesday Evening Americano,2026-12-08,18:30,90,0,8,0.0,25.0,2,,0.0,2026-10-02T11:18+01:00
Rulo Clubs Chesham,local,Tournament,Women's Only Padel & Coffee,2026-12-10,09:30,90,0,6,0.0,10.0,2,,0.0,2026-10-02T11:18+01:00
Rulo Clubs Chesham,local,Tournament,Tuesday Evening Americano,2026-12-15,18:30,90,0,8,0.0,25.0,2,,0.0,2026-10-02T11:18+01:00
Rulo Clubs Chesham,local,Tournament,Women's Only Padel & Coffee,2026-12-17,09:30,90,0,6,0.0,10.0,2,,0.0,2026-10-02T11:18+01:00
Rulo Clubs Chesham,local,Tournament,Tuesday Evening Americano,2026-12-22,18:30,90,0,8,0.0,25.0,2,,0.0,2026-10-02T11:18+01:00
Rulo Clubs Chesham,local,Tournament,Women's Only Padel & Coffee,2026-12-24,09:30,90,0,6,0.0,10.0,2,,0.0,2026-10-02T11:18+01:00
Rulo Clubs Chesham,local,Tournament,Tuesday Evening Americano,2026-12-29,18:30,90,0,8,0.0,25.0,2,,0.0,2026-10-02T11:18+01:00
Rulo Clubs Chesham,local,Tournament,Women's Only Padel & Coffee,2026-12-31,09:30,90,0,6,0.0,10.0,2,,0.0,2026-10-02T11:18+01:00
Rulo Clubs Chesham,local,Tournament,Women's Only Padel & Coffee,2027-01-07,09:30,90,0,6,0.0,10.0,2,,0.0,2026-10-02T11:18+01:00
Rulo Clubs Chesham,local,Tournament,Women's Only Padel & Coffee,2027-01-14,09:30,90,0,6,0.0,10.0,2,,0.0,2026-10-02T11:18+01:00
Rulo Clubs Chesham,local,Tournament,Women's Only Padel & Coffee,2027-01-21,09:30,90,0,6,0.0,10.0,2,,0.0,2026-10-02T11:18+01:00
Rulo Clubs Chesham,local,Tournament,Tuesday Evening Americano,2027-01-28,09:30,90,0,6,0.0,10.0,2,,0.0,2026-10-03T03:19+01:00
Rulo Clubs Chesham,local,Tournament,Intermediate Americano,2027-01-28,09:30,90,0,6,0.0,10.0,2,,0.0,2026-10-02T23:17+01:00
Rulo Clubs Chesham,local,Tournament,Women's Only Padel & Coffee,2027-01-28,09:30,90,0,6,0.0,10.0,2,,0.0,2026-10-02T11:18+01:00
Rulo Clubs Chesham,local,Tournament,Women's Only Padel & Coffee,2027-01-28,09:30,90,0,6,0.0,10.0,2,,0.0,2026-10-01T07:25+01:00
Ezeepadel Weybridge,benchmark,Class,Padel for Parents Morning Mix-In,2026-10-01,09:00,60,15,16,0.9375,7.5,4,,112.5,2026-10-01T07:25+01:00
Ezeepadel Weybridge,benchmark,Tournament,Smash Zone Club Night,2026-10-01,19:00,90,7,8,0.875,10.0,2,,70.0,2026-10-01T05:20+01:00
Ezeepadel Weybridge,benchmark,Tournament,Friday Friendly,2026-10-02,17:30,90,15,16,0.9375,15.0,4,,225.0,2026-10-02T05:19+01:00
Ezeepadel Weybridge,benchmark,Class,Lunchtime Americano,2026-10-05,11:30,90,11,12,0.9167,14.0,3,,154.0,2026-10-03T03:19+01:00
Ezeepadel Weybridge,benchmark,Class,Technical coaching: volleys incl overheads,2026-10-05,13:00,90,3,4,0.75,24.75,1,,74.25,2026-10-01T09:21+01:00
Ezeepadel Weybridge,benchmark,Tournament,Elevate Club Night,2026-10-06,17:30,90,7,8,0.875,15.0,2,,105.0,2026-10-01T21:19+01:00
Ezeepadel Weybridge,benchmark,Tournament,Smash Zone Club Night,2026-10-06,17:30,90,7,8,0.875,10.0,2,,70.0,2026-10-02T05:19+01:00
Ezeepadel Weybridge,benchmark,Tournament,Lateral Sponsored 60+ Social Mix-In,2026-10-07,13:00,180,31,32,0.9688,0.0,8,,0.0,2026-10-03T03:19+01:00
Ezeepadel Weybridge,benchmark,Class,Padel for Parents Morning Mix-In,2026-10-08,09:00,60,15,16,0.9375,7.5,4,,112.5,2026-10-02T19:23+01:00
Ezeepadel Weybridge,benchmark,Tournament,"Karl's Training, Drills & Match Play",2026-10-09,13:00,90,15,16,0.9375,17.0,4,,255.0,2026-10-02T15:20+01:00
Ezeepadel Weybridge,benchmark,Tournament,Friday Friendly,2026-10-09,17:30,90,13,16,0.8125,15.0,4,,195.0,2026-10-01T19:23+01:00
Ezeepadel Weybridge,benchmark,Class,Technical coaching: lobs,2026-10-10,10:00,90,0,4,0.0,24.75,1,,0.0,2026-10-03T03:19+01:00
Ezeepadel Weybridge,benchmark,Class,Technical coaching: volleys incl overheads,2026-10-10,11:30,90,3,4,0.75,24.75,1,,74.25,2026-10-03T03:19+01:00
Ezeepadel Weybridge,benchmark,Class,Private coaching with Adrian,2026-10-12,10:00,90,0,1,0.0,0.0,1,,0.0,2026-10-03T03:19+01:00
Ezeepadel Weybridge,benchmark,Class,Lunchtime Americano,2026-10-12,11:30,90,4,12,0.3333,14.0,3,,56.0,2026-10-03T03:19+01:00
Ezeepadel Weybridge,benchmark,Class,You3&Me with coach Adrian,2026-10-12,13:00,90,2,3,0.6667,0.0,1,,0.0,2026-09-30T17:22+01:00
Ezeepadel Weybridge,benchmark,Class,Private coaching with Adrian,2026-10-12,14:30,90,0,1,0.0,0.0,1,,0.0,2026-10-03T03:19+01:00
Ezeepadel Weybridge,benchmark,Class,Start the Day on a Padel High Mix-In,2026-10-14,08:30,90,6,8,0.75,14.0,2,,84.0,2026-10-03T03:19+01:00
Ezeepadel Weybridge,benchmark,Class,Smash Zone 2.6 and above Lunchtime Mix-In,2026-10-15,13:00,90,15,16,0.9375,14.0,4,,210.0,2026-10-02T15:20+01:00
Ezeepadel Weybridge,benchmark,Tournament,Men's Autumn Tournament,2026-10-17,10:00,240,15,32,0.4688,30.0,8,,450.0,2026-10-03T03:19+01:00
Ezeepadel Weybridge,benchmark,Tournament,"Karl's Training, Drills & Match Play",2026-10-17,14:00,210,27,32,0.8438,30.0,8,,810.0,2026-10-03T03:19+01:00
Ezeepadel Weybridge,benchmark,Tournament,"Karl's Training, Drills & Match Play",2026-10-17,14:00,210,28,32,0.875,30.0,8,,840.0,2026-10-01T11:20+01:00
Ezeepadel Weybridge,benchmark,Tournament,Ladies Autumn Tournament,2026-10-17,14:00,210,27,32,0.8438,30.0,8,,810.0,2026-10-03T03:19+01:00
Ezeepadel Weybridge,benchmark,Class,Men’s Lunchtime Mix-in ,2026-10-22,13:00,90,6,8,0.75,14.0,2,,84.0,2026-10-03T03:19+01:00
Ezeepadel Weybridge,benchmark,Class,Private coaching with Adrian,2026-10-28,13:00,90,11,16,0.6875,14.0,4,,154.0,2026-10-02T17:19+01:00
Ezeepadel Weybridge,benchmark,Class,King/Queen of the Court Lunchtime Mix-In,2026-10-28,13:00,90,11,16,0.6875,14.0,4,,154.0,2026-10-03T03:19+01:00
Padel Social Club Earl's Court,benchmark,Class,Intermediate Group,2026-10-01,12:30,60,2,4,0.5,35.0,1,,70.0,2026-10-01T11:20+01:00
Padel Social Club Earl's Court,benchmark,Class,Overheads Intermediate Clinic,2026-10-01,13:30,60,1,8,0.125,35.0,2,,35.0,2026-09-30T15:22+01:00
Padel Social Club Earl's Court,benchmark,Class,Beginner Group,2026-10-01,15:30,60,3,4,0.75,35.0,1,,105.0,2026-09-30T19:21+01:00
Padel Social Club Earl's Court,benchmark,Class,High intermediate group,2026-10-01,17:30,60,3,4,0.75,35.0,1,,105.0,2026-10-01T01:27+01:00
Padel Social Club Earl's Court,benchmark,Tournament,Gold Wilson Master Final,2026-10-03,10:00,300,30,32,0.9375,15.0,8,,450.0,2026-10-02T15:20+01:00
Padel Social Club Earl's Court,benchmark,Tournament,Intermediate Social,2026-10-04,12:00,120,19,20,0.95,45.0,5,,855.0,2026-10-03T03:19+01:00
Padel Social Club Earl's Court,benchmark,Tournament,High Intermediate Social,2026-10-04,14:00,120,19,20,0.95,45.0,5,,855.0,2026-10-03T03:19+01:00
Padel Social Club Earl's Court,benchmark,Tournament,Silver Wilson Master final,2026-10-04,14:00,120,19,20,0.95,45.0,5,,855.0,2026-10-02T05:19+01:00
Padel Social Club Earl's Court,benchmark,Tournament,Beginner Social,2026-10-04,14:00,120,19,20,0.95,45.0,5,,855.0,2026-10-03T03:19+01:00
Padel Social Club Earl's Court,benchmark,Class,Courts & Coffees,2026-10-05,10:00,90,6,8,0.75,30.0,2,,180.0,2026-10-03T03:19+01:00
Padel Social Club Earl's Court,benchmark,Class,Intermediate Group & Match,2026-10-05,13:00,90,0,4,0.0,40.0,1,,0.0,2026-10-03T03:19+01:00
Padel Social Club Earl's Court,benchmark,Class,Advanced group,2026-10-05,20:30,60,0,4,0.0,35.0,1,,0.0,2026-10-03T03:19+01:00
Padel Social Club Earl's Court,benchmark,Class,Beginner Group,2026-10-06,10:30,60,0,4,0.0,35.0,1,,0.0,2026-10-02T23:17+01:00
Padel Social Club Earl's Court,benchmark,Class,Levelling,2026-10-06,11:30,60,0,8,0.0,40.0,2,,0.0,2026-10-02T23:17+01:00
Padel Social Club Earl's Court,benchmark,Class,Courts & Coffees | Intermediate,2026-10-06,12:30,90,1,8,0.125,30.0,2,,30.0,2026-10-02T23:17+01:00
Padel Social Club Earl's Court,benchmark,Class,Intermediate Levelling,2026-10-06,16:00,60,1,4,0.25,35.0,1,,35.0,2026-10-03T03:19+01:00
Padel Social Club Earl's Court,benchmark,Class,Intermediate Group ,2026-10-06,16:00,60,1,4,0.25,35.0,1,,35.0,2026-10-02T23:17+01:00
Padel Social Club Earl's Court,benchmark,Class,Courts & Coffees,2026-10-12,10:00,90,6,8,0.75,30.0,2,,180.0,2026-10-02T23:17+01:00
Padel Social Club Earl's Court,benchmark,Class,Courts & Coffees | Intermediate,2026-10-13,12:30,90,0,8,0.0,30.0,2,,0.0,2026-10-02T23:17+01:00
Padel Social Club Earl's Court,benchmark,Class,Courts & Coffees,2026-10-19,10:00,90,1,8,0.125,30.0,2,,30.0,2026-10-02T23:17+01:00
Padel Social Club Earl's Court,benchmark,Class,Courts & Coffees | Intermediate,2026-10-20,12:30,90,0,8,0.0,30.0,2,,0.0,2026-10-02T23:17+01:00
Padel Social Club Earl's Court,benchmark,Class,Courts & Coffees,2026-10-26,10:00,90,2,8,0.25,30.0,2,,60.0,2026-10-02T23:17+01:00
Padel Social Club Earl's Court,benchmark,Class,Courts & Coffees,2026-11-02,10:00,90,2,8,0.25,30.0,2,,60.0,2026-10-02T23:17+01:00
Padel Social Club Earl's Court,benchmark,Class,Courts & Coffees | Intermediate,2026-11-03,12:30,90,0,8,0.0,30.0,2,,0.0,2026-10-02T23:17+01:00
Padel Social Club Earl's Court,benchmark,Class,Courts & Coffees,2026-11-09,10:00,90,0,8,0.0,30.0,2,,0.0,2026-10-02T23:17+01:00
Padel Social Club Earl's Court,benchmark,Class,Courts & Coffees | Intermediate,2026-11-10,12:30,90,0,8,0.0,30.0,2,,0.0,2026-10-02T23:17+01:00
Padel Social Club Earl's Court,benchmark,Class,Courts & Coffees,2026-11-16,10:00,90,0,8,0.0,30.0,2,,0.0,2026-10-02T23:17+01:00
Padel Social Club Earl's Court,benchmark,Class,Courts & Coffees | Intermediate,2026-11-17,12:30,90,0,8,0.0,30.0,2,,0.0,2026-10-02T23:17+01:00
Padel Social Club Earl's Court,benchmark,Class,Levelling,2026-11-23,10:00,90,,,,30.0,1,,,2026-10-01T13:25+01:00
Padel Social Club Earl's Court,benchmark,Class,Courts & Coffees,2026-11-23,10:00,90,0,8,0.0,30.0,2,,0.0,2026-10-02T23:17+01:00
