club,group,platform,date,weekday,courts,included,coverage,bookable_court_hours,occupied_court_hours,occupancy,occupancy_peak,occupancy_offpeak,occupancy_standard_hours,occupancy_standard_peak,occupancy_standard_offpeak,seen_booked_share,avg_lead_hours,revenue_est_gbp,rain_mm,rain_hours_7_22,max_temp_c
Padel Maidenhead,local,playtomic,2026-09-25,Fri,7,0,0.3333,0.0,0.0,,,,,,,,,0,0.0,0,22.1
Padel Maidenhead,local,playtomic,2026-09-26,Sat,7,1,1.0,122.5,105.5,0.8612,0.9643,0.6364,0.9133,0.9643,0.6071,0.1374,0.6,5275.0,0.0,0,19.8
PADELHUB SL2 Slough,local,playtomic,2026-09-25,Fri,5,0,0.3333,0.0,0.0,,,,,,,,,0,0.0,0,22.1
PADELHUB SL2 Slough,local,playtomic,2026-09-26,Sat,5,1,1.0,72.5,72.0,0.9931,0.9913,1.0,0.9926,0.9913,1.0,0.0903,1.4,3480.0,0.0,0,19.8
UK Padel Holmer Green,local,padelos,2026-09-25,Fri,3,0,0.2857,0.0,0.0,,,,,,,,,0,0.0,0,22.1
UK Padel Holmer Green,local,padelos,2026-09-26,Sat,3,1,1.0,42.0,39.0,0.9286,0.9444,0.8333,0.9286,0.9444,0.8333,0.2436,5.5,1673.98,0.0,0,19.8
UK Padel Stoke Poges,local,padelos,2026-09-25,Fri,2,0,0.2857,0.0,0.0,,,,,,,,,0,0.0,0,22.1
UK Padel Stoke Poges,local,padelos,2026-09-26,Sat,2,1,1.0,28.0,22.0,0.7857,0.7917,0.75,0.7857,0.7917,0.75,0.25,1.9,924.0,0.0,0,19.8
UK Padel Princes Risborough,local,padelos,2026-09-26,Sat,2,0,0.7333,0.0,0.0,,,,,,,,,0,0.0,0,19.8
Padel at Denham Grove,local,playtomic,2026-09-26,Sat,2,1,0.8462,22.0,20.0,0.9091,0.9722,0.625,0.9091,0.9722,0.625,0.15,0.6,880.0,0.0,0,19.8
Lacey Green & Loosley Row,local,playtomic,2026-09-26,Sat,1,0,0.7857,0.0,0.0,,,,,,,,,0,0.0,0,19.8
Rulo Clubs Chesham,local,playtomic,2026-09-26,Sat,3,0,0.7333,0.0,0.0,,,,,,,,,0,0.0,0,19.8
Padel Powerhouse Burnham,local,playtomic,2026-09-26,Sat,2,0,0.7333,0.0,0.0,,,,,,,,,0,0.0,0,19.8
Ezeepadel Weybridge,benchmark,playtomic,2026-09-26,Sat,4,0,0.7333,0.0,0.0,,,,,,,,,0,0.0,0,19.8
Padel Social Club Earl's Court,benchmark,playtomic,2026-09-26,Sat,6,0,0.75,0.0,0.0,,,,,,,,,0,0.0,0,19.8
