club,group,date,weekday,hour,peak,standard_hours,court_blocks,occupied_blocks,occupancy,revenue_est_gbp,rain_mm
Padel Maidenhead,local,2026-09-26,Sat,06:00,0,0,7,7,1.0,175.0,0.0
Padel Maidenhead,local,2026-09-26,Sat,07:00,0,0,14,14,1.0,350.0,0.0
Padel Maidenhead,local,2026-09-26,Sat,08:00,1,1,14,14,1.0,350.0,0.0
Padel Maidenhead,local,2026-09-26,Sat,09:00,1,1,14,14,1.0,350.0,0.0
Padel Maidenhead,local,2026-09-26,Sat,10:00,1,1,14,14,1.0,350.0,0.0
Padel Maidenhead,local,2026-09-26,Sat,11:00,1,1,14,14,1.0,350.0,0.0
Padel Maidenhead,local,2026-09-26,Sat,12:00,1,1,14,14,1.0,350.0,0.0
Padel Maidenhead,local,2026-09-26,Sat,13:00,1,1,14,14,1.0,350.0,0.0
Padel Maidenhead,local,2026-09-26,Sat,14:00,1,1,14,14,1.0,350.0,0.0
Padel Maidenhead,local,2026-09-26,Sat,15:00,1,1,14,14,1.0,350.0,0.0
Padel Maidenhead,local,2026-09-26,Sat,16:00,1,1,14,14,1.0,350.0,0.0
Padel Maidenhead,local,2026-09-26,Sat,17:00,1,1,14,11,0.7857,275.0,0.0
Padel Maidenhead,local,2026-09-26,Sat,18:00,1,1,14,14,1.0,350.0,0.0
Padel Maidenhead,local,2026-09-26,Sat,19:00,1,1,14,11,0.7857,275.0,0.0
Padel Maidenhead,local,2026-09-26,Sat,20:00,0,1,14,10,0.7143,250.0,0.0
Padel Maidenhead,local,2026-09-26,Sat,21:00,0,1,14,7,0.5,175.0,0.0
Padel Maidenhead,local,2026-09-26,Sat,22:00,0,0,14,3,0.2143,75.0,0.0
Padel Maidenhead,local,2026-09-26,Sat,23:00,0,0,14,8,0.5714,200.0,0.0
PADELHUB SL2 Slough,local,2026-09-26,Sat,08:00,1,1,5,5,1.0,100.0,0.0
PADELHUB SL2 Slough,local,2026-09-26,Sat,09:00,1,1,10,10,1.0,300.0,0.0
PADELHUB SL2 Slough,local,2026-09-26,Sat,10:00,1,1,10,10,1.0,300.0,0.0
PADELHUB SL2 Slough,local,2026-09-26,Sat,11:00,1,1,10,10,1.0,300.0,0.0
PADELHUB SL2 Slough,local,2026-09-26,Sat,12:00,1,1,10,10,1.0,300.0,0.0
PADELHUB SL2 Slough,local,2026-09-26,Sat,13:00,1,1,10,10,1.0,300.0,0.0
PADELHUB SL2 Slough,local,2026-09-26,Sat,14:00,1,1,10,10,1.0,300.0,0.0
PADELHUB SL2 Slough,local,2026-09-26,Sat,15:00,1,1,10,10,1.0,300.0,0.0
PADELHUB SL2 Slough,local,2026-09-26,Sat,16:00,1,1,10,10,1.0,300.0,0.0
PADELHUB SL2 Slough,local,2026-09-26,Sat,17:00,1,1,10,10,1.0,200.0,0.0
PADELHUB SL2 Slough,local,2026-09-26,Sat,18:00,1,1,10,10,1.0,200.0,0.0
PADELHUB SL2 Slough,local,2026-09-26,Sat,19:00,1,1,10,9,0.9,180.0,0.0
PADELHUB SL2 Slough,local,2026-09-26,Sat,20:00,0,1,10,10,1.0,200.0,0.0
PADELHUB SL2 Slough,local,2026-09-26,Sat,21:00,0,1,10,10,1.0,200.0,0.0
PADELHUB SL2 Slough,local,2026-09-26,Sat,22:00,0,0,10,10,1.0,200.0,0.0
UK Padel Holmer Green,local,2026-09-26,Sat,08:00,1,1,6,6,1.0,114.0,0.0
UK Padel Holmer Green,local,2026-09-26,Sat,09:00,1,1,6,6,1.0,139.98,0.0
UK Padel Holmer Green,local,2026-09-26,Sat,10:00,1,1,6,6,1.0,150.0,0.0
UK Padel Holmer Green,local,2026-09-26,Sat,11:00,1,1,6,6,1.0,144.0,0.0
UK Padel Holmer Green,local,2026-09-26,Sat,12:00,1,1,6,6,1.0,150.0,0.0
UK Padel Holmer Green,local,2026-09-26,Sat,13:00,1,1,6,6,1.0,150.0,0.0
UK Padel Holmer Green,local,2026-09-26,Sat,14:00,1,1,6,5,0.8333,123.0,0.0
UK Padel Holmer Green,local,2026-09-26,Sat,15:00,1,1,6,5,0.8333,120.0,0.0
UK Padel Holmer Green,local,2026-09-26,Sat,16:00,1,1,6,6,1.0,150.0,0.0
UK Padel Holmer Green,local,2026-09-26,Sat,17:00,1,1,6,6,1.0,102.0,0.0
UK Padel Holmer Green,local,2026-09-26,Sat,18:00,1,1,6,5,0.8333,82.0,0.0
UK Padel Holmer Green,local,2026-09-26,Sat,19:00,1,1,6,5,0.8333,82.0,0.0
UK Padel Holmer Green,local,2026-09-26,Sat,20:00,0,1,6,5,0.8333,83.0,0.0
UK Padel Holmer Green,local,2026-09-26,Sat,21:00,0,1,6,5,0.8333,84.0,0.0
UK Padel Stoke Poges,local,2026-09-26,Sat,08:00,1,1,4,2,0.5,38.0,0.0
UK Padel Stoke Poges,local,2026-09-26,Sat,09:00,1,1,4,4,1.0,86.0,0.0
UK Padel Stoke Poges,local,2026-09-26,Sat,10:00,1,1,4,4,1.0,96.0,0.0
UK Padel Stoke Poges,local,2026-09-26,Sat,11:00,1,1,4,4,1.0,96.0,0.0
UK Padel Stoke Poges,local,2026-09-26,Sat,12:00,1,1,4,4,1.0,96.0,0.0
UK Padel Stoke Poges,local,2026-09-26,Sat,13:00,1,1,4,4,1.0,96.0,0.0
UK Padel Stoke Poges,local,2026-09-26,Sat,14:00,1,1,4,4,1.0,96.0,0.0
UK Padel Stoke Poges,local,2026-09-26,Sat,15:00,1,1,4,2,0.5,48.0,0.0
UK Padel Stoke Poges,local,2026-09-26,Sat,16:00,1,1,4,2,0.5,48.0,0.0
UK Padel Stoke Poges,local,2026-09-26,Sat,17:00,1,1,4,1,0.25,16.0,0.0
UK Padel Stoke Poges,local,2026-09-26,Sat,18:00,1,1,4,3,0.75,48.0,0.0
UK Padel Stoke Poges,local,2026-09-26,Sat,19:00,1,1,4,4,1.0,64.0,0.0
UK Padel Stoke Poges,local,2026-09-26,Sat,20:00,0,1,4,3,0.75,48.0,0.0
UK Padel Stoke Poges,local,2026-09-26,Sat,21:00,0,1,4,3,0.75,48.0,0.0
Padel at Denham Grove,local,2026-09-26,Sat,11:00,1,1,4,4,1.0,88.0,0.0
Padel at Denham Grove,local,2026-09-26,Sat,12:00,1,1,4,4,1.0,88.0,0.0
Padel at Denham Grove,local,2026-09-26,Sat,13:00,1,1,4,4,1.0,88.0,0.0
Padel at Denham Grove,local,2026-09-26,Sat,14:00,1,1,4,4,1.0,88.0,0.0
Padel at Denham Grove,local,2026-09-26,Sat,15:00,1,1,4,4,1.0,88.0,0.0
Padel at Denham Grove,local,2026-09-26,Sat,16:00,1,1,4,4,1.0,88.0,0.0
Padel at Denham Grove,local,2026-09-26,Sat,17:00,1,1,4,4,1.0,88.0,0.0
Padel at Denham Grove,local,2026-09-26,Sat,18:00,1,1,4,4,1.0,88.0,0.0
Padel at Denham Grove,local,2026-09-26,Sat,19:00,1,1,4,3,0.75,66.0,0.0
Padel at Denham Grove,local,2026-09-26,Sat,20:00,0,1,4,2,0.5,44.0,0.0
Padel at Denham Grove,local,2026-09-26,Sat,21:00,0,1,4,3,0.75,66.0,0.0
